code,nombre,Cleanliness,Location,Service,rating_Excellent,rating_Poor,rating_Terrible,rating_Very Good,number_of_reviews,stars
BW160,Atocha 95,,,,,,,,1.0,5.0
TH46,Madrid Suites Sol,,,,,,,,5.0,1.5
EC201,The Hat,4.7,4.9,4.6,924.0,18.0,21.0,280.0,1288.0,4.5
TH563,Apartamentos Betancourt,,,,,,,,5.0,4.0
BW171,Apartamentos Sol Victoria,,,,,,,,3.0,4.0
BW361,Barcelo Emperatriz,4.8,4.6,4.8,1048.0,11.0,8.0,207.0,1307.0,4.5
AA588,Apartamentos Plaza de Espana,,,,2.0,0.0,1.0,3.0,9.0,3.5
AA56,New Point Madrid Opera,4.3,5.0,4.7,32.0,1.0,1.0,4.0,38.0,4.5
TR720,Hostal Don Pedro,2.2,3.5,2.6,2.0,5.0,19.0,5.0,36.0,2.0
TR590,Apartamentos Gavirental Puerta del Sol I,,,,9.0,0.0,10.0,14.0,39.0,3.5
EX562,Arenal Suites Gran Via,,,,4.0,0.0,1.0,0.0,6.0,4.0
TR409,Fuencarral Adeco,4.2,4.8,3.7,16.0,0.0,3.0,25.0,49.0,4.0
JH712,Hotel Aravaca Garden,2.5,2.4,3.1,8.0,14.0,56.0,16.0,117.0,2.0
JH478,Hotel Catalonia El Retiro,,,,178.0,18.0,18.0,218.0,511.0,4.0
JH117,Alba 1924 Guesthouse,,4.0,5.0,,,,,4.0,4.0
BW506,Hostal Maria Ronda,,,,14.0,0.0,1.0,23.0,47.0,4.0
TR255,Hotel Barajas Plaza,4.3,4.2,3.9,55.0,18.0,14.0,110.0,270.0,3.5
TR432,Hostal Hispano-Argentino,3.7,4.6,3.4,9.0,5.0,5.0,16.0,49.0,3.5
TH287,Hotel One Shot Luchana 22,4.5,4.6,4.5,433.0,30.0,13.0,308.0,868.0,4.5
AA312,Smartrental Collection Gran Via Centric,4.8,5.0,4.5,77.0,7.0,8.0,11.0,107.0,4.5
EX663,Hostal Domus Aurea,,,,,,,,1.0,1.0
EC453,A&Z Villegas - Only Adults,,,,,,,,6.0,4.0
TH159,Hostel Boutique Roisa,4.1,4.3,3.8,24.0,4.0,15.0,18.0,72.0,3.5
TH1,Hostal Nersan,3.5,4.5,3.4,17.0,7.0,10.0,32.0,80.0,3.5
AA382,Eric Vokel Boutique Apartments - Atocha Suites,4.7,4.5,4.6,631.0,9.0,6.0,216.0,898.0,4.5
AA650,Hostal Visa,,,,,,,,1.0,2.0
AA430,Hostal Excelsior,3.9,4.8,4.1,34.0,13.0,11.0,50.0,143.0,3.5
TR498,Hotel 4C Puerta Europa,,,,23.0,8.0,3.0,52.0,112.0,4.0
TR349,Mayerling Hotel,4.5,4.8,4.6,457.0,8.0,3.0,368.0,892.0,4.5
BW405,Hostal Falfes,4.2,4.0,4.2,31.0,4.0,2.0,44.0,111.0,4.0
BW158,Rooms Madrid,,,,10.0,3.0,8.0,5.0,30.0,3.0
BW676,Genteel Home Reina Sofia,,,,,,,,1.0,1.0
TH618,Magda Hostel,,,,,,,,1.0,4.0
BW543,Hostel Era Alonso Martinez,3.9,4.4,3.9,17.0,5.0,11.0,23.0,68.0,3.5
EC352,THC Tirso de Molina,4.6,4.5,4.4,61.0,5.0,3.0,84.0,174.0,4.0
JH626,Village la Latina,,,,,,,,1.0,4.0
EX428,Hostal Graciela,3.2,4.9,3.7,4.0,1.0,1.0,10.0,20.0,4.0
TH444,Aa Hotel Serrano,4.1,4.5,4.0,43.0,10.0,7.0,78.0,184.0,4.0
JH692,Oshun Madrid Norte,,,,,,,,6.0,2.5
EC566,Apartamentos Benignus Madrid,,,,5.0,2.0,1.0,1.0,12.0,3.5
AA379,Hotel Concordy,4.3,3.7,3.9,7.0,4.0,3.0,14.0,37.0,3.5
TH539,Hotel Mayrit,,,,8.0,1.0,1.0,4.0,14.0,4.0
TR611,Apartamentos Mont Blanc,,,,,,,,1.0,5.0
TH114,Hotel One Shot Recoletos 04,4.4,4.7,4.2,347.0,34.0,30.0,237.0,730.0,4.0
JH707,BlueSense Madrid Genova,2.8,4.2,2.5,8.0,40.0,81.0,31.0,230.0,2.5
JH304,Artistic B&B,4.9,4.9,4.9,562.0,1.0,0.0,89.0,667.0,5.0
BW507,OYO Hello Ifema,,,,,,,,4.0,3.5
AA647,Apartamentos Princesa,,,,,,,,5.0,3.0
TH633,Hostal Suarez,,,,,,,,4.0,3.0
EX145,Galicia Hostel,3.2,4.7,3.0,,,,,35.0,2.5
EX31,Hostal Gran Via 63 Rooms,4.3,4.8,4.2,56.0,11.0,15.0,64.0,170.0,4.0
EC577,Pension Avantiss,4,4.8,4.0,,,,,7.0,4.0
EX136,Hostal Sonne,,,,1.0,0.0,3.0,2.0,8.0,3.0
AA394,Hostal la Macarena,4.2,4.8,4.0,95.0,9.0,4.0,118.0,258.0,4.0
EX351,Petit Hostel Madrid,4.2,4.9,4.1,53.0,1.0,6.0,11.0,77.0,4.5
EC277,OK Hostel Madrid,4.8,4.8,4.8,502.0,5.0,5.0,88.0,619.0,4.5
AA593,Hostal Antelope 5,,,,,,,,5.0,3.5
EX310,Ibis Budget Madrid Centro Las Ventas,4.4,4.1,4.2,516.0,46.0,29.0,717.0,1575.0,4.0
BW380,TOTEM Madrid,4.7,4.8,4.6,240.0,5.0,4.0,94.0,363.0,4.5
JH362,Apartamentos Blume Cruz,4.8,4.9,4.7,418.0,4.0,1.0,137.0,576.0,4.5
EX293,Hostal Far Home Plaza Mayor,4.1,4.5,4.0,78.0,12.0,18.0,89.0,238.0,4.0
AA574,AH - Alfred Hostel,,,,,,,,5.0,4.0
EC241,URBANSEA Atocha 113,4.3,4.6,4.3,164.0,22.0,15.0,258.0,563.0,4.0
BW456,Hostal la Zona,,,,104.0,9.0,5.0,95.0,242.0,4.0
EX622,Apartamentos Calle Jose,,,,,,,,2.0,4.0
BW28,Petit Palace Plaza Mayor,4.2,4.8,4.2,654.0,55.0,28.0,555.0,1443.0,4.0
EC21,SmartRental Puerta del Sol,,,,45.0,5.0,4.0,20.0,83.0,4.0
EX378,Akeah Hotel Gran Via Only Adults,,5.0,3.0,8.0,2.0,1.0,1.0,12.0,3.5
AA675,Eurosuite Malasana 205,,,,,,,,1.0,1.0
JH338,2060 The Newton Hostel,4.4,4.8,4.8,235.0,3.0,7.0,38.0,295.0,4.5
AA561,Apartamentos Calle Cultura,,,,5.0,0.0,2.0,4.0,16.0,3.5
JH568,Apartamentos Felipe VI,,,,4.0,0.0,1.0,2.0,11.0,3.5
TH104,Palacio Apartaments Madrid,,,,,,,,5.0,3.5
BW299,Muralto Madrid Princesa,4.4,4.6,4.4,381.0,15.0,7.0,393.0,907.0,4.0
EX606,Urban Vida Ribera,,,,,,,,5.0,3.5
TR529,Good Stay Prado,,,,27.0,8.0,16.0,45.0,119.0,3.5
TH154,ILUNION Pio XII,4.1,3.6,4.2,453.0,73.0,36.0,463.0,1241.0,4.0
EX146,Wellington Hotel & Spa,4.7,4.7,4.5,1211.0,62.0,34.0,538.0,1994.0,4.5
BW14,OYO Hostal Felipe V,4.2,4.8,4.2,46.0,2.0,8.0,46.0,116.0,4.0
EX102,Hostal Carmen,3.4,5.0,3.2,8.0,1.0,2.0,8.0,28.0,3.5
EC329,Hotel Praga,3.8,3.3,3.5,173.0,181.0,109.0,653.0,1722.0,3.5
TR242,Hotel Gran Versalles,4.3,4.4,4.0,333.0,40.0,39.0,573.0,1189.0,4.0
EX719,Apartment Ifema-Airport,,,,,,,,4.0,1.0
EX289,Hotel Zenit Abeba,4.4,4.2,4.1,160.0,23.0,19.0,329.0,631.0,4.0
JH392,CH Otello Rooms,3.8,4.9,3.8,31.0,6.0,11.0,56.0,132.0,3.5
AA576,Apartamentos APR Numancia,,,,5.0,3.0,3.0,9.0,21.0,3.5
EX101,Hostal INTER Plaza Mayor,,,,25.0,44.0,66.0,86.0,288.0,3.0
JH13,Suites Hotel - Foxa 25,,,,12.0,11.0,3.0,26.0,67.0,3.5
TH357,NH Madrid Paseo de la Habana,4,4.0,3.9,227.0,99.0,67.0,363.0,1016.0,3.5
TH96,Hostal Madrid Sol,4.4,4.8,4.3,63.0,4.0,9.0,42.0,135.0,4.0
JH550,Apartamentos Alcala,,,,5.0,1.0,2.0,9.0,24.0,3.5
TR665,Hostal Gislay,,,,,,,,3.0,2.5
EC290,Crisol Via Castellana,4.1,4.0,3.8,151.0,58.0,51.0,310.0,797.0,3.5
EC51,Hostal Esmeralda,4.4,4.8,4.1,66.0,6.0,5.0,88.0,187.0,4.0
JH288,Sonder Santa Ana,4.5,4.8,4.4,108.0,5.0,4.0,35.0,161.0,4.5
TR125,Princesa Universal,,,,,,,,1.0,3.0
EC301,Safestay Madrid,4.6,4.6,4.4,995.0,25.0,47.0,390.0,1553.0,4.5
JH661,Viviendas Turisticas Conde de Molina,,,,,,,,1.0,2.0
TR292,NYX Hotel Madrid,3.8,3.5,3.6,91.0,17.0,29.0,69.0,259.0,3.5
TH652,Monopoly Madrid,,,,,,,,6.0,3.0
TR708,Siesta & Go,2.3,2.3,2.4,3.0,1.0,18.0,5.0,30.0,2.0
BW581,San Bernardo Rooms,1,5.0,3.3,,,,,6.0,3.5
BW63,NH Collection Palacio de Tepa,4.8,4.9,4.7,1029.0,25.0,18.0,405.0,1558.0,4.5
BW634,Friendly Rentals NoMaD,,,,,,,,4.0,3.0
TH672,Hostal Welcome,,,,9.0,9.0,13.0,5.0,50.0,3.0
TR538,Hostal Las Cortes,3.9,4.8,3.8,6.0,2.0,3.0,21.0,48.0,3.5
BW659,Hostal Artico,,,,1.0,2.0,3.0,4.0,13.0,3.0
EX253,4C Bravo Murillo,3.9,3.9,3.9,61.0,9.0,10.0,170.0,313.0,4.0
EC469,Hostal Diaz,4.5,5.0,4.0,6.0,0.0,4.0,4.0,18.0,3.5
BW8,ICON Casona 1900,4.8,4.9,4.9,420.0,4.0,1.0,61.0,490.0,5.0
JH505,CH Las Murallas,4.1,4.8,3.6,33.0,8.0,14.0,60.0,140.0,3.5
TR350,JC Rooms Santo Domingo Hotel,4.3,4.7,4.3,558.0,50.0,35.0,466.0,1314.0,4.0
TR375,ICON Wipton,4.8,4.9,4.8,577.0,8.0,2.0,83.0,684.0,5.0
AA482,Hostal Cervelo,,,,49.0,8.0,14.0,103.0,209.0,4.0
EC476,AC Hotel by Marriott Madrid Feria,4.4,3.2,4.1,119.0,10.0,10.0,228.0,452.0,4.0
BW697,Cinque Terre Apartments,,,,,,,,5.0,2.5
JH546,Hotel Paris,,,,8.0,1.0,2.0,11.0,25.0,4.0
TR656,Apartamentos Champs-Elysees,,,,0.0,2.0,3.0,6.0,11.0,3.0
EX75,Gran Via Suites II,,,,,,,,1.0,3.0
AA278,NH Madrid Las Tablas,4.2,3.5,4.1,404.0,63.0,43.0,417.0,1074.0,4.0
EC447,Hostal Palacio Luna,5,5.0,4.8,12.0,0.0,0.0,9.0,22.0,4.5
EC94,Los Cerrillos,,,,,,,,1.0,5.0
BW47,Amor de Dios 17 Boutique Hotel,5,4.8,4.5,23.0,1.0,3.0,3.0,30.0,4.5
EX438,Hostal Apolo XI,3.9,4.9,3.8,42.0,6.0,12.0,79.0,162.0,4.0
TR60,Destiny Latina,,,,,,,,1.0,4.0
BW165,Soho Boutique Congreso,4.5,4.7,4.3,91.0,3.0,5.0,37.0,142.0,4.5
AA365,Astoria Hostal,4.3,4.8,4.0,114.0,12.0,15.0,211.0,408.0,4.0
EC437,Hostal Huespedes Toledo,4.4,4.9,4.0,15.0,0.0,0.0,26.0,49.0,4.0
AA251,Hostal Marlasca,3.8,4.8,3.6,152.0,45.0,31.0,327.0,706.0,3.5
TH439,Zleep Hotel Madrid Airport,,,,,,,,5.0,3.5
AA192,OleMadrid Hostel,,,,,,,,2.0,5.0
TH497,Aspasios Atocha Apartments,,,,50.0,5.0,3.0,17.0,83.0,4.5
TH226,Hotel Tach Madrid Airport,4.5,4.1,4.1,428.0,40.0,27.0,564.0,1227.0,4.0
TR400,Hostal 4C Cuatro Caminos,4.2,4.3,4.2,43.0,1.0,4.0,74.0,138.0,4.0
AA263,Sercotel Gran Hotel Conde Duque,4.5,4.3,4.3,521.0,51.0,21.0,504.0,1268.0,4.0
JH638,Hostal Carreras,,,,,,,,5.0,3.0
TH234,Hotel Porcel TorreGarden,4.4,3.9,4.2,320.0,26.0,16.0,410.0,888.0,4.0
EX670,Parsa Hostel,,,,,,,,2.0,2.0
TR532,Mimis Apartments,,,,13.0,0.0,0.0,0.0,13.0,5.0
TR85,Hostal Machin,3.9,4.9,3.9,19.0,1.0,6.0,9.0,46.0,3.5
AA571,Madrid Rental Flats,,,,,,,,3.0,5.0
TR492,Hostal Rincon de Sol,,,,5.0,2.0,4.0,7.0,22.0,3.5
TH451,Hostal Anton Martin,,,,14.0,0.0,0.0,9.0,25.0,4.5
AA578,Nuevo Hotel en el centro de la ciudad,,,,,,,,3.0,4.5
EX690,Hostal Bermejo,,,,2.0,11.0,15.0,15.0,65.0,2.5
EC86,Apartments Diaz Tirso de Molina,,,,,,,,1.0,1.0
BW726,Apartamentos Aqui me Quedo,,,,,,,,9.0,1.0
BW167,Hostal Abitum,,,,2.0,0.0,3.0,5.0,15.0,3.0
EX729,Hostal Bahia Madrid,,,,5.0,14.0,48.0,7.0,95.0,2.0
AA530,Hostal Union,,,,9.0,1.0,3.0,19.0,42.0,3.5
JH78,Apartamentos Vallehermoso,,,,,,,,3.0,2.5
EC135,El Jardin,,,,,,,,1.0,4.0
TR297,Petit Palace Alcala,4,4.8,4.2,585.0,74.0,49.0,444.0,1303.0,4.0
AA52,Hostal Oriente,,,,258.0,10.0,5.0,243.0,557.0,4.5
BW134,Abalu Presidential Madrid,,,,,,,,1.0,1.0
EX474,Hostal Los Angeles,,,,,,,,7.0,4.0
EX715,Behap Madrid Gran Via,,,,,,,,9.0,2.0
JH706,Hostal Florida,2.9,4.3,2.7,1.0,17.0,22.0,9.0,72.0,2.5
BW152,Hotel Don Luis,4.1,3.9,3.9,85.0,30.0,20.0,232.0,479.0,3.5
EX696,Apartamentos Sleeping In Madrid,,,,3.0,13.0,8.0,4.0,34.0,2.5
JH58,Hostal Lamalonga,3.4,4.6,3.7,8.0,3.0,5.0,15.0,41.0,3.5
JH551,Hostal Fabiola,,,,6.0,2.0,2.0,15.0,36.0,3.5
TH458,Hostal Miami,,,,19.0,13.0,25.0,45.0,145.0,3.0
JH433,Hostal Teran,4.7,5.0,4.7,43.0,1.0,0.0,15.0,66.0,4.5
TH689,Hostal Helena,,,,11.0,18.0,36.0,26.0,126.0,2.5
TR560,WooTravelling Atocha 107 HOMTELS,,,,,,,,3.0,5.0
TH602,Hostal Castilla III,,,,3.0,0.0,4.0,8.0,20.0,3.5
BW587,Apartamento Gran Via Callao,3.9,4.7,3.6,,,,,10.0,4.0
TH625,The Wine Club - Marques de la Concordia,,,,,,,,5.0,4.0
AA266,Eurostars Central,4.4,4.4,4.1,245.0,30.0,37.0,335.0,777.0,4.0
EX236,Vincci The Mint,4.8,4.9,4.8,1404.0,17.0,10.0,306.0,1777.0,4.5
EC91,CC Malasana Bed & Gastro,4.3,4.6,3.8,179.0,23.0,33.0,169.0,467.0,4.0
TH131,Hostal La Nava,,,,20.0,3.0,4.0,42.0,81.0,4.0
JH61,Petit Palace Arturo Soria,,,,308.0,24.0,16.0,314.0,796.0,4.0
EC681,Aparthotel Tribunal,,,,28.0,89.0,75.0,87.0,406.0,3.0
TR547,Hotel Dome Las Tablas,,,,11.0,3.0,7.0,11.0,39.0,3.5
TH637,Apartamentos Villa Latina,,,,,,,,3.0,3.0
BW461,Hostal Adriano,4.4,4.7,4.1,167.0,7.0,12.0,184.0,411.0,4.0
EX244,DDC DormirDcine Madrid,4.4,4.0,4.2,341.0,22.0,10.0,373.0,840.0,4.0
AA90,Village Babel Rooms,,,,,,,,4.0,3.5
EC363,Hotel Madrid Atocha Affiliated by Melia,4.2,4.5,4.0,504.0,135.0,75.0,686.0,1722.0,4.0
TH341,NH Madrid Ventas,4.6,4.0,4.5,712.0,22.0,24.0,500.0,1370.0,4.5
AA480,Hostal Carracedo,,,,17.0,0.0,1.0,11.0,32.0,4.5
TR732,Casa Espana,,,,,,,,15.0,1.0
JH395,Hostal Lauria,4.4,4.8,4.3,95.0,2.0,3.0,63.0,172.0,4.5
AA281,Hotel Fenix Gran Melia - The Leading hotel of the World,4.7,4.7,4.6,1833.0,55.0,39.0,643.0,2764.0,4.5
JH393,Casa de Huespedes Cuenca,2.8,3.5,3.5,1.0,2.0,1.0,11.0,22.0,3.5
TR446,Good Stay Rooms,,,4.0,,,,,3.0,3.5
TR129,Hostal Arco Iris,4.4,4.6,3.4,5.0,2.0,0.0,11.0,23.0,4.0
BW233,Eurostars Suites Mirasierra,4.5,3.4,4.2,496.0,53.0,46.0,411.0,1113.0,4.0
EC510,Suite Prado Hotel,,,,133.0,13.0,12.0,136.0,336.0,4.0
AA594,Hostal Mister Ramiro,,,,,,,,4.0,5.0
EC360,Hostal Valencia,3.8,4.8,3.5,33.0,16.0,14.0,96.0,202.0,3.5
EC92,Rafaelhoteles Atocha,4.2,3.9,4.0,427.0,146.0,38.0,761.0,1791.0,4.0
EX356,Mercure Madrid Centro,4.3,4.7,4.1,413.0,82.0,34.0,520.0,1257.0,4.0
TR256,Petit Palace Chueca,4,4.8,4.2,759.0,68.0,36.0,520.0,1581.0,4.0
TR88,SmartRental Collection Gran Via Capital,5,5.0,4.4,39.0,0.0,2.0,1.0,42.0,5.0
EX695,Madrid Downtown Hostel,,,,,,,,4.0,2.0
JH39,UMusic Hotel Madrid,5,5.0,4.8,39.0,2.0,0.0,1.0,43.0,5.0
EX723,Panizo Hostel,2.4,4.4,2.3,2.0,8.0,32.0,9.0,61.0,2.0
BW81,Gran Via Chueca Studios,,,,,,,,3.0,4.0
EX70,Open Hostel Madrid,,,,29.0,5.0,13.0,17.0,72.0,3.5
EX62,Chic & Basic Dot Hotel,5,4.8,4.6,10.0,1.0,0.0,4.0,17.0,4.5
EC523,Hotel Quinta De Los Cedros,,,,78.0,2.0,3.0,47.0,135.0,4.5
EX235,Occidental Castellana Norte,4.7,3.6,4.6,1031.0,27.0,20.0,499.0,1676.0,4.5
EC545,Urban Vida Salamanca,,,,6.0,2.0,1.0,3.0,12.0,4.0
EX427,Luz Madrid Rooms,4.6,4.9,4.1,318.0,21.0,37.0,221.0,641.0,4.0
TH280,NH Collection Madrid Colon,4.7,4.8,4.7,788.0,14.0,7.0,287.0,1132.0,4.5
BW391,Bed Madrid,4,4.6,3.8,36.0,20.0,15.0,39.0,137.0,3.5
JH368,limehome Madrid Calle de Don Ramon de la Cruz,4.6,4.6,4.6,87.0,2.0,3.0,31.0,131.0,4.5
JH703,Pension Lemus,2.4,4.2,2.5,9.0,26.0,69.0,22.0,161.0,2.0
BW691,Behap Madrid De Las Letras,,,,10.0,0.0,14.0,3.0,30.0,3.0
AA271,Oriente Palace Apartments,4.6,4.8,4.8,104.0,3.0,4.0,15.0,134.0,4.5
EX419,Hostal Aeropuerto,3.8,4.0,3.6,22.0,5.0,11.0,30.0,100.0,3.5
AA668,Nuria Hotel,,,,4.0,13.0,15.0,12.0,63.0,2.5
EC573,Friendly Rentals Bravo,,,,,,,,3.0,4.5
EX194,Way Hostel Madrid,4.2,4.8,4.7,494.0,12.0,10.0,195.0,748.0,4.5
TR533,Flores Hotel,,,,9.0,0.0,0.0,3.0,13.0,4.5
EX6,B&B Hotel Madrid Fuencarral 52,4.8,4.9,4.6,873.0,6.0,4.0,318.0,1248.0,4.5
TH722,Apartamento Atocha 33,3,4.0,2.0,0.0,0.0,6.0,0.0,7.0,1.5
JH373,NH Madrid Lagasca,4.2,4.7,4.1,291.0,43.0,21.0,319.0,794.0,4.0
AA494,The Citadel by Pillow,4.5,4.8,4.5,70.0,5.0,2.0,39.0,125.0,4.5
EC511,Hostal Sol Square,4.7,4.6,4.2,25.0,2.0,2.0,21.0,53.0,4.0
TR420,Hostal Yolanda,4,4.7,3.4,2.0,2.0,1.0,11.0,30.0,3.5
AA122,Hotel Aravaca Village,4.5,3.8,4.2,75.0,9.0,9.0,102.0,237.0,4.0
TH237,Hotel Claridge,4.7,4.2,4.5,932.0,28.0,30.0,626.0,1713.0,4.5
TR522,Hostal MH Fuencarral,,,,116.0,7.0,9.0,110.0,264.0,4.0
EX113,Ruums,,3.5,1.0,,,,,5.0,1.0
BW376,Madrid Airport Suites Affiliated by Melia,3.8,2.9,3.3,153.0,132.0,177.0,237.0,899.0,3.0
AA643,Km1 Tirso de Molina Apartments,,,,,,,,14.0,3.0
TR699,Motion Hostels Gran Via,,,,82.0,81.0,173.0,117.0,561.0,2.5
JH105,Apartments Center Madrid,3.8,4.3,3.8,6.0,1.0,2.0,9.0,19.0,4.0
JH555,A&B Hostel Principe Pio,,,,,,,,5.0,4.0
AA512,Hotel Sancho,,,,42.0,5.0,3.0,46.0,126.0,4.0
BW121,Woohoo Rooms Hortaleza,,,,,,,,11.0,3.0
EX328,Hostal Pacios,3.6,4.5,3.3,8.0,4.0,9.0,17.0,49.0,3.0
AA519,Hostal Gonzalo,,,,231.0,5.0,3.0,79.0,337.0,4.5
EX410,Hostal Hispalense,4.3,4.9,4.1,21.0,2.0,2.0,30.0,60.0,4.0
EX193,Hostal JQ Madrid 1,4,4.8,3.4,25.0,11.0,8.0,51.0,124.0,3.5
TH320,Hostal Main Street Madrid,4.7,4.8,4.6,387.0,6.0,11.0,171.0,604.0,4.5
EX35,Hotel Freedom,,,,14.0,4.0,3.0,8.0,31.0,4.0
EX687,Apartamento Atico en Puerta del Sol,,,,,,,,1.0,1.0
TH669,Duque de Alba,,,,,,,,1.0,1.0
EX322,ICON Embassy,4.6,4.9,4.7,329.0,6.0,9.0,83.0,444.0,4.5
TH24,Exito En Madrid,,,5.0,8.0,0.0,0.0,1.0,9.0,5.0
EC294,Eco Via Lusitana,3.8,3.3,3.9,53.0,22.0,24.0,120.0,308.0,3.5
TH516,Pension Meyra,4.7,4.7,4.4,44.0,2.0,4.0,36.0,93.0,4.0
BW331,Barbieri Sol Hostel,4.2,4.7,4.3,125.0,12.0,15.0,80.0,271.0,4.0
AA721,Apartamentos Happy Madrid Hortaleza,,,,0.0,6.0,17.0,5.0,30.0,2.0
JH396,CH Bueno,4.1,4.9,4.0,53.0,2.0,11.0,89.0,200.0,4.0
JH284,Hotel Madrid Plaza Espana Affiliated by Melia,4,4.7,3.9,374.0,122.0,92.0,562.0,1426.0,3.5
JH137,Apartment in Malasana,,,,42.0,5.0,4.0,18.0,76.0,4.0
EX657,Guesthouse Mykonos,,,,,,,,1.0,1.0
TR306,Hostal Maria Luisa,3.9,4.8,3.7,52.0,15.0,7.0,63.0,171.0,4.0
EX305,Posada del Dragon,4.6,4.8,4.5,457.0,25.0,17.0,306.0,876.0,4.5
BW610,Pension Habana,,,,3.0,1.0,2.0,1.0,13.0,3.0
TH377,Hostal Asuncion,4,4.5,3.2,28.0,11.0,25.0,48.0,141.0,3.5
BW262,Apartamentos Huertas,4.5,4.9,4.3,203.0,8.0,4.0,116.0,351.0,4.5
EC415,Hostal Rofer,4.4,4.7,4.6,21.0,0.0,2.0,15.0,43.0,4.0
TR710,Hostal Oxum,,,,18.0,23.0,66.0,29.0,168.0,2.5
EX172,Stylish City Aparthotel,,,,17.0,13.0,14.0,10.0,73.0,3.0
BW471,Good Stay Atocha,,,,4.0,4.0,6.0,11.0,35.0,3.0
AA72,Soho Boutique Opera,5,4.6,4.5,46.0,2.0,4.0,23.0,83.0,4.5
EC182,Apartamentos Perseo,,,,0.0,0.0,5.0,1.0,7.0,1.5
EX204,Hotel One Shot Prado 23,4.7,4.9,4.4,574.0,22.0,19.0,431.0,1144.0,4.5
EX250,Esentia Togumar,4,3.7,4.1,161.0,38.0,17.0,196.0,519.0,4.0
EX431,Hostal Adria Santa Ana,4.5,4.8,4.1,66.0,3.0,4.0,71.0,162.0,4.0
BW575,Concepcion Jeronima,5,,5.0,,,,,2.0,5.0
TH631,Pension La Concepcion,,,,,,,,1.0,4.0
AA452,B&B Apartamentos Madrid Centro Fuencarral 46,,,,,,,,4.0,4.0
EX325,Mola Hostel,4.6,4.8,4.1,864.0,39.0,37.0,397.0,1414.0,4.5
EX679,Chalet Alameda de Osuna,,,,,,,,1.0,1.0
EX470,Hostal Comercial,,,,110.0,3.0,8.0,102.0,253.0,4.0
JH334,Eurostars Casa de la Lirica,4.3,4.7,4.2,162.0,27.0,28.0,159.0,411.0,4.0
EC230,Posada del Leon de Oro,4.6,4.8,4.4,393.0,25.0,28.0,222.0,731.0,4.5
TR372,Velazquez 45 by Pillow,4.5,4.7,4.0,48.0,4.0,4.0,29.0,97.0,4.0
JH9,Mexico,,,,23.0,15.0,15.0,57.0,152.0,3.5
EC495,Hostal Met Madrid,,,,229.0,6.0,1.0,66.0,309.0,4.5
TR386,MH Apartments Central Madrid,4.7,4.8,4.4,18.0,0.0,1.0,8.0,29.0,4.5
AA403,Hostal Nuestra Senora de la Paloma,3.8,4.7,3.9,66.0,20.0,16.0,79.0,230.0,3.5
EX704,Hostal Camino,2.3,4.0,2.1,,,,,45.0,2.0
JH10,B&B Ganesh Home,,,,,,,,3.0,4.5
BW600,Estuhome,,,,,,,,3.0,3.5
TH79,Hostal Barrera,4.8,4.7,4.7,192.0,3.0,2.0,104.0,317.0,4.5
TH733,Hostal Emilio Barajas,,,,2.0,11.0,34.0,9.0,73.0,2.0
EC728,SmartRentals La Latina,,,,1.0,0.0,8.0,0.0,9.0,1.5
BW309,NH Madrid Zurbano,4.4,4.4,4.3,465.0,34.0,29.0,448.0,1113.0,4.0
JH264,Hotel Petit Palace President Castellana,3.9,4.5,4.1,490.0,78.0,52.0,470.0,1325.0,4.0
AA16,Petit Palace Plaza del Carmen,4.3,4.8,4.4,531.0,31.0,17.0,383.0,1082.0,4.5
TR642,Abracadabra Suites,,,,9.0,9.0,14.0,28.0,69.0,3.0
AA684,Hostal Berlin Madrid,,,,1.0,3.0,5.0,2.0,15.0,2.5
TH336,Hotel Suites Barrio de Salamanca,4.2,4.4,4.1,37.0,6.0,7.0,59.0,147.0,4.0
EX30,Hostal Lopez,,,,9.0,8.0,4.0,40.0,76.0,3.5
EX198,Hostal Madrid,4.5,4.9,4.3,218.0,13.0,6.0,155.0,427.0,4.5
AA701,Hostal Mundial,,,,4.0,0.0,14.0,3.0,22.0,2.0
TR616,Hotel Finisterre,,,,,,,,2.0,4.0
JH501,Bob W Chueca,,,,50.0,0.0,0.0,7.0,57.0,5.0
JH246,Air Rooms Madrid Airport by Premium Traveller,4.5,4.7,4.0,86.0,17.0,21.0,95.0,260.0,4.0
AA185,Open Hostel,,,,7.0,1.0,4.0,1.0,13.0,3.5
BW36,Jc Rooms Jardines,4.3,4.8,4.2,73.0,8.0,10.0,43.0,156.0,4.0
TR162,JC Chueca,,,,106.0,15.0,11.0,58.0,219.0,4.0
TH683,Senorial Hotel,,,,12.0,26.0,31.0,19.0,128.0,2.5
EX313,Veracruz Puerta del Sol,4.3,4.8,4.1,74.0,5.0,9.0,70.0,193.0,4.0
AA57,Sol Mayor Apartments,,,,8.0,3.0,19.0,9.0,48.0,2.5
TR141,Hotel Sterling,4.1,4.7,3.9,181.0,83.0,43.0,411.0,910.0,3.5
EX243,Exe Zarzuela Park,4.2,3.2,3.8,141.0,24.0,35.0,235.0,545.0,4.0
AA455,Hostal Riesco Puerta del Sol,4.6,4.9,4.2,108.0,4.0,9.0,108.0,248.0,4.0
EC3,Babel Guesthouse,3.5,4.6,3.6,7.0,7.0,3.0,12.0,34.0,3.5
BW524,Hostal Aguilar,,,,56.0,2.0,1.0,84.0,176.0,4.0
BW623,Asturias,,,,,,,,5.0,3.5
EC239,NH Madrid Atocha,4.5,4.7,4.4,366.0,25.0,19.0,324.0,847.0,4.0
TH730,SmartRental Gran Via 47,1,4.0,2.5,1.0,1.0,11.0,1.0,15.0,1.5
EX326,Hotel Exe Suites 33,4.4,4.6,4.3,262.0,25.0,8.0,319.0,693.0,4.0
JH156,Six Rooms,,,,7.0,5.0,12.0,11.0,39.0,3.0
JH345,Apartamentos Mayor Centro,4.6,4.9,4.1,22.0,2.0,2.0,19.0,52.0,4.0
EC473,Modular Rooms Hotels,,,,,,,,2.0,5.0
JH592,Hostal Tudescos,,,,7.0,1.0,8.0,7.0,27.0,3.0
EC570,Apartamentos Las Letras,4,4.8,4.0,3.0,1.0,1.0,5.0,12.0,3.5
EX404,Hotel DWO Yuste Alcala,4.5,5.0,4.8,7.0,1.0,0.0,1.0,9.0,4.5
AA203,Gran View Apartments,4,4.9,4.5,94.0,9.0,7.0,41.0,169.0,4.0
AA674,Hostal Charlotte,,,,3.0,5.0,5.0,3.0,18.0,2.5
BW411,Hostal Palacio Madrid,4.8,5.0,4.2,48.0,3.0,4.0,41.0,101.0,4.0
JH99,Rafaelhoteles Piramides,4.2,4.2,4.1,189.0,33.0,17.0,387.0,788.0,4.0
EX176,Netherlands Apartments,,,,,,,,1.0,2.0
AA69,Mc Yolo Apartamentos Avenida De America,5,,3.3,,,,,8.0,3.5
TR232,Hotel Cortezo,4,4.6,3.9,219.0,77.0,42.0,495.0,1082.0,3.5
TH682,Golden 21,,,,4.0,1.0,8.0,2.0,20.0,2.5
BW713,Greenville Apartments,,,,,,,,5.0,1.5
EX53,Hostal Salome,5,4.9,4.7,49.0,0.0,1.0,10.0,60.0,5.0
TH509,Hostal Abril,4,4.7,3.9,56.0,12.0,2.0,65.0,152.0,4.0
TH44,AC Hotel by Marriott Aravaca,4,3.1,3.5,13.0,31.0,13.0,66.0,198.0,3.0
EX11,Village Chueca Apartments,,,,0.0,3.0,20.0,3.0,30.0,1.5
TR645,Hostal Rubio,,,,1.0,3.0,4.0,4.0,20.0,3.0
AA337,Hotel Anaco,3.4,4.7,3.3,77.0,48.0,60.0,92.0,375.0,3.0
EC257,NH Madrid Ribera del Manzanares,4.5,4.0,4.4,823.0,40.0,26.0,754.0,1767.0,4.5
TH582,La Residencia de Estudiates,,,,,,,,4.0,4.5
TR200,Mercure Madrid Plaza de Espana,4.7,4.6,4.5,325.0,10.0,8.0,209.0,603.0,4.5
AA662,Casa Nuraghe,,,,,,,,1.0,1.0
AA714,Hostal Los Perales,1.7,4.3,2.3,1.0,3.0,10.0,0.0,19.0,2.0
AA475,AC Hotel by Marriott Los Vascos,,,,45.0,10.0,2.0,109.0,220.0,4.0
TR67,Hotel Los Condes,4.1,4.6,3.9,187.0,44.0,29.0,455.0,934.0,4.0
EC291,Hostal Los Alpes,4.4,4.8,3.8,125.0,11.0,11.0,173.0,362.0,4.0
JH128,LaNave,4.3,5.0,4.5,5.0,3.0,2.0,15.0,26.0,3.5
BW187,Hotel Eurostars Plaza Mayor,4.6,4.7,4.2,318.0,21.0,17.0,400.0,855.0,4.0
BW33,Hostal Trevinca,,,,12.0,6.0,13.0,10.0,58.0,3.0
AA259,Melia Madrid Serrano,4.6,4.6,4.6,210.0,7.0,16.0,60.0,309.0,4.5
BW685,M-A Rooms Star Hostal,,,,,,,,1.0,1.0
TH615,Blasco de Garay,,,,10.0,5.0,8.0,7.0,34.0,3.0
TH80,Bastardo Hostel,4.5,4.9,4.5,194.0,9.0,19.0,68.0,312.0,4.5
AA565,Hostal Regional,3,4.6,3.2,8.0,6.0,5.0,13.0,45.0,3.5
EX283,Hostal Abadia Madrid,4.3,4.8,4.0,141.0,15.0,26.0,251.0,496.0,4.0
AA87,Hostal Sil & Serranos,4.7,4.7,4.3,68.0,1.0,2.0,52.0,143.0,4.5
TH342,Four Seasons Hotel Madrid,4.9,4.9,4.6,207.0,3.0,17.0,10.0,248.0,4.5
JH229,Abba Madrid Hotel,4.3,3.8,4.1,191.0,19.0,13.0,378.0,722.0,4.0
TR238,7 Islas Hotel,4.5,4.7,4.2,904.0,45.0,21.0,791.0,1942.0,4.5
AA421,Hostal Madrid Inn,4.6,4.9,4.5,275.0,7.0,5.0,160.0,477.0,4.5
AA40,Hostal Cruz Sol,4.2,4.8,3.7,106.0,11.0,4.0,141.0,320.0,4.0
AA26,La Casa Del Madrileno,,,,24.0,8.0,24.0,8.0,73.0,3.0
EC344,NH Collection Madrid Eurobuilding,4.7,4.4,4.6,1850.0,37.0,24.0,643.0,2666.0,4.5
BW170,Hostal Mendoza Madrid,,,,94.0,4.0,12.0,67.0,191.0,4.0
BW436,Madridcito,4.8,4.8,4.7,92.0,1.0,1.0,13.0,111.0,4.5
BW41,Hostal Prado,3.9,4.7,3.3,39.0,6.0,8.0,63.0,133.0,4.0
TH130,NH Madrid Nacional,4.5,4.7,4.4,612.0,54.0,33.0,524.0,1329.0,4.0
TR23,Hotel Madrid Alameda Aeropuerto Affiliated by Melia,4.2,4.2,4.0,590.0,108.0,95.0,825.0,1943.0,4.0
TR323,Hotel One Shot Fortuny 07,4.7,4.7,4.6,94.0,4.0,2.0,40.0,147.0,4.5
EX596,Apartamentos Las Letras by TerravisionTravel,,,,8.0,7.0,9.0,21.0,55.0,3.0
TH417,El Calamo,,5.0,4.5,6.0,0.0,0.0,1.0,7.0,5.0
TH484,Hostal Viky,,,,52.0,23.0,31.0,115.0,290.0,3.5
TR664,Casa de Huespedes Prada,,,,,,,,5.0,2.5
TR370,Hostal Hispano Gran Via,4.5,4.8,4.1,89.0,5.0,9.0,93.0,212.0,4.0
AA731,Hotel Mediterranea,5,2.0,2.3,1.0,5.0,22.0,3.0,34.0,1.5
EC48,Hostal Sabatini,,,,4.0,0.0,1.0,2.0,7.0,4.0
TH327,Axor Feria Hotel,4.5,3.9,4.0,580.0,64.0,66.0,789.0,1732.0,4.0
TR655,Residencia Universitaria Erasmo,,,,2.0,3.0,4.0,7.0,17.0,3.0
EC514,Diezmadrid,4.5,4.8,4.4,107.0,2.0,5.0,60.0,189.0,4.5
JH98,NQN Aparts & Suites,,,,109.0,2.0,4.0,32.0,157.0,4.5
JH585,Campomanes Apartaments,,,,,,,,2.0,4.5
TH300,ibis Madrid Centro Las Ventas,4.5,4.4,4.3,761.0,34.0,14.0,949.0,1945.0,4.0
JH660,Lotus Opera House,,,,,,,,10.0,3.0
EX559,JGM Rooms Huertas,4.8,4.6,3.5,2.0,1.0,2.0,10.0,18.0,3.5
EC82,L&H Gran Via Selection,4.8,4.8,4.6,369.0,6.0,7.0,113.0,516.0,4.5
AA597,Apartamentos Tirso de Molina,3.7,4.3,3.1,8.0,7.0,10.0,19.0,59.0,3.0
BW671,Wunderhouse,,,,,,,,1.0,1.0
EC553,Madrid Centro Turist,,5.0,5.0,,,,,3.0,4.5
TR97,L&H La Latina,3.8,3.5,3.5,35.0,8.0,18.0,32.0,106.0,3.5
EX140,Hostal El Pilar,4.1,4.9,3.7,62.0,20.0,20.0,113.0,253.0,3.5
EC27,Cielo Madrid Studios,3,3.7,3.2,11.0,1.0,3.0,0.0,16.0,4.0
TH111,Hotel Escuela Madrid,4.3,2.9,3.7,14.0,4.0,4.0,19.0,49.0,3.5
AA527,Casa Paraiso,,,,,,,,2.0,5.0
TH636,Apartment Madrid Sol Studio,,,,,,,,1.0,3.0
TR496,Hostal Patria,,,,341.0,5.0,1.0,46.0,414.0,4.5
EX120,Hostal Narvaez & Retiro,3.7,4.1,3.5,7.0,4.0,4.0,23.0,49.0,3.5
AA354,60 Balconies Urban Stay,4.8,4.8,4.5,180.0,2.0,3.0,64.0,256.0,4.5
EX333,Hotel BestPrice,4.5,5.0,4.3,16.0,0.0,0.0,3.0,20.0,5.0
EX418,THC Gran Via Hostel,4,4.3,3.7,34.0,20.0,14.0,48.0,154.0,3.5
TH168,Plaza Mayor Apartamentos Imperial,,5.0,5.0,,,,,2.0,4.5
BW491,Hospedaje la Paz,,,,,,,,1.0,4.0
AA557,Hotel Dome Madrid,,,,91.0,76.0,98.0,135.0,534.0,3.0
BW629,Plaza Espana Room Titania,,,,,,,,1.0,4.0
JH667,Hostal Stella,,,,5.0,11.0,18.0,19.0,83.0,3.0
JH534,Escala Opera,,,,10.0,1.0,3.0,4.0,18.0,4.0
BW599,Apartamentos Camino del Prado,4.3,3.5,3.1,3.0,3.0,7.0,15.0,32.0,3.0
TR12,Hotel Madrid Chamartin Affiliated by Melia,4.2,3.9,3.9,438.0,83.0,65.0,786.0,1702.0,4.0
AA619,Apartamentos Cuatro Caminos,,,,,,,,6.0,3.5
AA477,Hola Rooms,,,,48.0,2.0,3.0,9.0,64.0,4.5
AA521,Hostal Atelier,4.7,4.9,4.3,95.0,4.0,2.0,70.0,190.0,4.5
TH399,Aparthotel Rosales,4.1,4.5,4.2,42.0,4.0,2.0,43.0,112.0,4.0
BW688,Living Concepcion Apartments,,,,,,,,1.0,1.0
TH275,Room Mate Oscar,4.3,4.8,4.4,2014.0,97.0,74.0,876.0,3336.0,4.5
AA71,B&B San Bernardo,,,,,,,,1.0,5.0
TH76,Urban Vida Calatrava,,,,14.0,7.0,13.0,7.0,52.0,3.0
EX648,Hostal Residencia La Coruna,,,,,,,,2.0,2.5
JH5,Hostal San Isidro,4.1,4.8,3.6,21.0,5.0,6.0,59.0,123.0,3.5
EC18,"Mandarin Oriental Ritz, Madrid",,,,,,,,,
JH116,Roisa Centro,3.8,4.4,3.6,37.0,8.0,19.0,43.0,136.0,3.5
BW440,Ocean Drive Madrid,,,,15.0,0.0,5.0,4.0,28.0,4.0
TH183,Apartamentos Centro Norte,,,,2.0,2.0,11.0,7.0,27.0,2.5
EX424,Suites You Zinc,3.8,4.8,3.8,141.0,38.0,42.0,189.0,488.0,3.5
EX677,OYO Residencial Dona Berenguela,,,,,,,,1.0,1.0
TH468,AC Hotel by Marriott Aitana,4.6,4.3,4.3,174.0,10.0,6.0,226.0,482.0,4.0
TR628,Moderno Hotel cerca del aeropuerto,,,,,,,,1.0,5.0
TH693,Sleep in Madrid,,,,,,,,16.0,2.5
EX620,Mombuey 19,,,,,,,,1.0,3.0
EC133,SOL CARLOS VApartaments & Suites,,,,,,,,1.0,1.0
AA59,Vincci Centrum,4.4,4.7,4.3,745.0,82.0,46.0,531.0,1584.0,4.0
JH426,Hostal Edreira,4.4,4.7,4.0,57.0,2.0,3.0,48.0,128.0,4.0
EX74,Hostal Zamora,4.5,4.8,4.4,140.0,3.0,5.0,126.0,305.0,4.5
EX364,Golden Alcala,4.4,3.3,3.5,14.0,2.0,6.0,6.0,31.0,3.5
EC639,Pension Barja,,,,1.0,0.0,5.0,3.0,10.0,2.5
EC408,Hostal Bruna,4.5,4.7,4.2,48.0,10.0,6.0,84.0,169.0,4.0
JH586,Casa de Huespedes San Jose,,,,,,,,3.0,4.5
EX186,Hostal La Casa de La Plaza,4,4.8,3.7,45.0,13.0,9.0,98.0,195.0,4.0
EX450,Pierre & Vacances Apartamentos Edificio Eurobuilding 2,,,,14.0,0.0,7.0,5.0,27.0,3.5
TR653,Village Guesthouse Barco,,,,1.0,2.0,3.0,6.0,16.0,3.0
JH265,AC Hotel by Marriott Avenida de America,4.4,3.7,4.0,154.0,28.0,13.0,311.0,612.0,4.0
BW598,HwithH,4,4.1,3.8,9.0,3.0,5.0,4.0,22.0,3.5
BW314,Hotel Negresco Gran Via,5,5.0,4.2,8.0,0.0,1.0,0.0,12.0,4.0
JH607,Hotel Cuevas Bajas,,,,,,,,2.0,4.5
AA109,Apartamentos Calatrava,,,,,,,,1.0,5.0
JH2,Hotel Miau,4.2,4.8,4.2,70.0,9.0,8.0,109.0,233.0,4.0
BW425,Abalu Suites Madrid,3.3,4.2,3.0,20.0,19.0,22.0,29.0,108.0,3.0
BW227,Clement Barajas Hotel,4.4,4.2,4.2,529.0,49.0,28.0,466.0,1232.0,4.0
TH402,Hostal Royal Cruz,5,5.0,4.6,32.0,0.0,0.0,13.0,50.0,4.5
BW197,Melia Avenida America Hotel & Conference Center,4.3,3.5,4.1,738.0,116.0,83.0,691.0,1932.0,4.0
TR93,Plaza Mayor 5,,,,,,,,1.0,5.0
EC260,AC Hotel by Marriott Atocha,4.5,4.1,3.9,271.0,40.0,35.0,508.0,1038.0,4.0
TH316,NH Collection Paseo del Prado,4.5,4.9,4.5,1117.0,56.0,21.0,604.0,1980.0,4.5
JH414,Hostal Tokio,4.1,4.6,4.0,43.0,5.0,10.0,58.0,153.0,4.0
TR32,Huespedes La Asturiana,,,,5.0,4.0,10.0,17.0,47.0,3.0
TH412,Hostal Alonso,4.2,4.8,4.0,37.0,5.0,2.0,64.0,134.0,4.0
TR139,Hotel Los 5 Pinos,4.2,3.5,3.8,15.0,2.0,4.0,33.0,66.0,4.0
BW144,H10 Puerta de Alcala,4.6,4.6,4.4,348.0,22.0,32.0,220.0,687.0,4.0
TH153,BLESS Hotel Madrid,4.9,4.9,4.8,580.0,7.0,11.0,29.0,644.0,5.0
BW702,Madrid Suites Chueca,,,,,,,,3.0,1.0
EC199,The Level at Melia Castilla,4.9,4.9,5.0,99.0,0.0,0.0,2.0,101.0,5.0
TR132,Woohoo Suites,,,,,,,,4.0,4.0
BW279,Intur Palacio San Martin,4.5,4.9,4.3,767.0,48.0,21.0,681.0,1643.0,4.5
JH302,Hotel Catalonia Goya,4.3,4.6,4.2,383.0,54.0,29.0,480.0,1100.0,4.0
TR489,Hostal Mayor,4.8,4.9,4.4,93.0,1.0,1.0,62.0,163.0,4.5
EX0,Petit Palace Plaza Espana,4.1,4.7,4.2,424.0,52.0,29.0,475.0,1145.0,4.0
TR50,Sungate One Hostel,4.9,5.0,4.9,303.0,5.0,2.0,35.0,351.0,5.0
TH315,NH Collection Madrid Suecia,4.7,4.9,4.7,746.0,17.0,12.0,207.0,1028.0,4.5
TR515,Hostal Sonsoles,,,,84.0,8.0,4.0,95.0,219.0,4.0
EX487,Hostal Triana,,,,91.0,1.0,2.0,93.0,203.0,4.5
EC725,Hostal Casa Sofia,1,,1.0,,,,,5.0,1.0
BW502,Hostal Infantas,,,,7.0,3.0,2.0,10.0,26.0,3.5
EC126,Petit Palace Arenal,3.9,4.8,4.1,745.0,69.0,46.0,581.0,1664.0,4.0
AA155,Comfortable Sleep,,,,,,,,2.0,3.0
BW261,Radisson RED Madrid,4.7,4.7,4.3,53.0,3.0,2.0,12.0,72.0,4.5
BW112,TOC Hostel Madrid,4.5,4.9,4.3,365.0,11.0,16.0,202.0,646.0,4.5
TR624,Albergue Juvenil Santa Cruz de Marcenado,,,,3.0,5.0,5.0,12.0,32.0,3.0
EX7,Hostal Oporto,4.3,4.8,3.8,56.0,20.0,11.0,94.0,222.0,3.5
TR567,Masterhome Residencia,3.5,5.0,3.7,,,,,4.0,4.5
EX526,Agora Juan de Austria,,,,69.0,22.0,12.0,169.0,379.0,3.5
TR321,NH Alonso Martinez,4.4,4.6,4.5,600.0,33.0,16.0,508.0,1279.0,4.5
TH462,Hostal Buenos Aires,,,,26.0,7.0,4.0,62.0,128.0,4.0
JH387,Hostal Los Coronales,4.6,4.0,4.1,66.0,14.0,16.0,76.0,197.0,4.0
JH267,Quatro Puerta del Sol Hotel,4.2,4.8,4.0,293.0,44.0,38.0,541.0,1127.0,4.0
BW483,Smartrental Collection Gran Via Centric II,,,,755.0,15.0,35.0,156.0,989.0,4.5
BW698,PYR Select Bravo Murillo,,,,,,,,3.0,1.5
EC254,Hostal San Lorenzo,3.9,4.5,3.8,13.0,8.0,2.0,12.0,49.0,3.5
JH457,Pullman Madrid Airport & Feria,,,,427.0,39.0,22.0,476.0,1100.0,4.0
JH274,Exe Madrid Norte,4.1,3.2,3.9,160.0,60.0,61.0,336.0,818.0,3.5
EX398,JC Rooms Santa Ana,4.2,4.8,4.1,305.0,50.0,51.0,340.0,868.0,4.0
TR459,Hotel Residencia Lisboa,,,,47.0,3.0,3.0,77.0,152.0,4.0
JH15,Hostal Cordoba,3.7,4.4,3.6,14.0,8.0,11.0,24.0,83.0,3.5
TH184,Neo Magna,3.8,4.3,3.8,82.0,43.0,28.0,152.0,439.0,3.5
TH355,60 Balconies Urban Stay,,,,39.0,1.0,1.0,8.0,52.0,4.5
EC369,Mola! Suites,4.5,4.8,4.0,156.0,5.0,9.0,79.0,270.0,4.5
EX711,Barco Rooms,,,,,,,,4.0,1.0
TH311,Leonardo Boutique Hotel Madrid,4.3,4.0,4.1,76.0,9.0,11.0,84.0,204.0,4.0
AA554,Hostal Alistana,,,,11.0,10.0,6.0,27.0,69.0,3.5
TR466,Rosewood Villa Magna,,,,647.0,14.0,11.0,145.0,855.0,4.5
TR367,Hostal Montaloya,4.2,4.7,4.2,83.0,13.0,6.0,86.0,217.0,4.0
TR717,My City Home Residencia Estudiantes Madrid,,,,,,,,3.0,1.0
TH177,Elba Madrid Alcala,4.7,3.9,4.2,70.0,7.0,16.0,71.0,181.0,4.0
JH180,Apartamentos Leganitos,,,,5.0,0.0,3.0,4.0,17.0,3.5
EC371,Hotel Axor Barajas,4.6,4.0,4.1,734.0,58.0,79.0,652.0,1658.0,4.0
BW528,Letoh Letoh Gran Via,4.3,4.2,3.7,,,,,11.0,3.5
JH340,Room Mate Mario,4.5,4.8,4.5,1156.0,47.0,30.0,785.0,2200.0,4.5
EX401,Hotel Lavapies,4.1,4.1,3.6,9.0,4.0,9.0,24.0,61.0,3.5
EC580,Forum Hotel,,,,2.0,2.0,0.0,5.0,12.0,3.5
AA537,Escala Suites,,,,12.0,4.0,8.0,10.0,41.0,3.5
JH613,Hostel Sant Jordi Puerto Del Sol,,,,,,,,2.0,5.0
AA42,Hotel Victoria 4 Puerta del Sol,4.3,4.8,4.0,278.0,41.0,25.0,472.0,989.0,4.0
AA525,Hostal La Fontana,3.9,4.7,3.9,99.0,18.0,21.0,141.0,352.0,4.0
TR614,Village Sol Carretas,,,,,,,,1.0,4.0
AA479,The First One Boutique Hotel,4,5.0,4.6,20.0,2.0,5.0,10.0,41.0,4.0
TR17,Plaza Mayor Suites & Apartments,4.7,4.8,4.6,25.0,0.0,1.0,8.0,36.0,4.5
EC579,Apartamentos Chueca,,,,,,,,2.0,5.0
BW716,H Metropolitan Atocha,2.4,3.8,2.3,1.0,2.0,18.0,3.0,33.0,2.0
JH335,Gran Central Suites,5,4.8,5.0,23.0,0.0,0.0,6.0,31.0,4.5
JH83,Woohoo Rooms Boutique Gran Via,,,,,,,,1.0,1.0
TR673,Hostal El Descanso,,,,4.0,1.0,6.0,3.0,20.0,3.0
TH252,Pension Magdalena,3.8,4.6,3.9,34.0,6.0,6.0,57.0,123.0,4.0
EX247,Hotel Meninas - Boutique Hotel,4.4,4.8,4.2,499.0,50.0,39.0,449.0,1169.0,4.0
TH617,Chueca Style,,,,,,,,1.0,4.0
JH503,Numa l Script,,,,432.0,7.0,12.0,173.0,654.0,4.5
TH727,BlueSense Madrid Serrano,,,,9.0,45.0,101.0,26.0,225.0,2.0
JH646,Hostal Fuente Mar,,,,,,,,3.0,3.0
AA583,Hostal Residencia Americano,3.5,4.8,3.3,8.0,9.0,10.0,24.0,69.0,3.0
TH65,Hostal Playa,,,,5.0,1.0,5.0,16.0,43.0,3.5
TR285,Hotel Ibis Budget Madrid Calle 30,4.3,3.8,4.1,242.0,42.0,25.0,381.0,843.0,4.0
BW202,VP Plaza Espana Design,4.9,4.9,4.8,597.0,4.0,8.0,59.0,687.0,5.0
TR273,Hotel Mora by Mij,4.1,4.8,3.7,88.0,36.0,23.0,207.0,465.0,3.5
BW228,Hotel Exe Plaza,4.2,3.9,3.9,308.0,63.0,49.0,657.0,1315.0,4.0
TR442,Aparthotel G3 Galeon,,,,72.0,14.0,7.0,123.0,270.0,4.0
BW190,Hostal Rivera,3.3,4.3,3.1,17.0,23.0,24.0,53.0,159.0,3.0
TR124,VP Jardin Metropolitano,4.5,4.2,4.3,356.0,17.0,13.0,333.0,777.0,4.5
TH435,Hostal Rias Bajas,4.2,4.6,4.0,28.0,2.0,0.0,56.0,105.0,4.0
TH173,Hostal del Mar,,,,0.0,3.0,2.0,1.0,9.0,2.5
EC540,No Name City Hostel,,,,7.0,2.0,3.0,20.0,42.0,3.5
JH454,Sonder Malasana,4.6,4.8,4.7,99.0,0.0,2.0,5.0,106.0,5.0
TR595,Tirso De Molina Suites,,,5.0,,,,,4.0,4.0
BW630,Hostal Delvi,,,,,,,,5.0,3.0
EC123,The Walt Madrid,4.8,4.8,4.6,208.0,3.0,4.0,81.0,314.0,4.5
TR556,Bauza,,,,4.0,0.0,0.0,5.0,10.0,4.5
TR339,Petit Palace Cliper Gran Via,3.8,4.7,4.1,610.0,87.0,65.0,500.0,1495.0,4.0
JH43,CC Atocha,4.6,4.7,4.6,15.0,3.0,1.0,21.0,44.0,4.0
TH77,Pension Munoz,,,,1.0,3.0,3.0,0.0,7.0,2.0
EC100,Bob W Arte,,,,,,,,26.0,5.0
BW103,Residencia Universitaria Vallehermoso,,,,,,,,4.0,4.0
JH541,Hostal Rio Mino,4,4.7,3.9,5.0,1.0,0.0,7.0,18.0,4.0
JH296,Ibis Budget Madrid Vallecas,4,3.0,3.8,72.0,38.0,42.0,125.0,389.0,3.5
JH429,Hostal La Selecta,4.6,4.7,4.3,31.0,0.0,0.0,21.0,57.0,4.5
EC272,Aparthotel Serrano Recoletos,3.6,4.4,3.4,254.0,58.0,65.0,326.0,879.0,3.5
EX178,HRC Hotel,4.2,4.5,4.2,303.0,44.0,27.0,319.0,851.0,4.0
TR388,Hostal Armesto,4.3,4.7,3.9,37.0,4.0,4.0,63.0,133.0,4.0
EX298,Casual del Teatro Madrid,4.3,4.8,4.3,219.0,13.0,14.0,190.0,492.0,4.0
EX422,Hostal Nersan II,4.3,4.3,3.4,12.0,5.0,6.0,23.0,55.0,3.5
EC108,Canopy by Hilton Madrid Castellana,4.8,4.4,4.6,77.0,4.0,5.0,10.0,102.0,4.5
JH110,Hotel Unico Madrid,,,,1170.0,15.0,7.0,177.0,1412.0,5.0
EX143,Hotel Madrid Centro Affiliated by Melia,4,4.7,3.9,285.0,110.0,81.0,594.0,1423.0,3.5
EX38,Aparthotel EnCasa,4.1,3.6,4.1,17.0,5.0,6.0,25.0,61.0,3.5
TH25,Novotel Madrid Campo De Las Naciones Hotel,4.6,4.2,4.3,67.0,7.0,8.0,68.0,177.0,4.0
AA166,Arbol del Japon,,,,,,,,2.0,4.5
TH268,AC Hotel by Marriott Carlton Madrid,4.4,4.3,4.1,454.0,51.0,36.0,781.0,1574.0,4.0
TR249,Hotel Mirador Puerta del Sol,4.4,4.8,4.1,105.0,13.0,10.0,169.0,342.0,4.0
TR225,Silken Puerta Madrid,4.5,3.5,4.0,362.0,66.0,53.0,434.0,1075.0,4.0
EC536,Hostal Abami,,,,,,,,10.0,4.5
TR406,Hyatt Regency Hesperia Madrid,4.7,4.4,4.7,1381.0,44.0,29.0,424.0,1977.0,4.5
EC531,Blume Apartamentos,3.7,4.8,3.9,8.0,0.0,1.0,11.0,24.0,4.0
TR601,Hostal Corona,,,,,,,,2.0,4.5
AA163,URSO Hotel & Spa,,,,583.0,13.0,11.0,140.0,774.0,4.5
AA486,THC Bergantin Hostel,,,,88.0,6.0,4.0,95.0,226.0,4.0
EC678,Albergue Juvenil Richard Schirrmann,,,,2.0,3.0,3.0,0.0,11.0,2.5
EX73,La Posada de Cercedillaventura,5,5.0,5.0,9.0,0.0,3.0,0.0,13.0,4.0
TH407,Hostal Art Madrid,4.5,4.8,4.4,304.0,7.0,4.0,214.0,586.0,4.5
TH465,Hostal Castilla II Puerta del Sol,,,,65.0,14.0,30.0,136.0,298.0,3.5
TH282,Vincci Capitol Hotel,4.3,4.9,4.1,974.0,133.0,96.0,790.0,2290.0,4.0
JH149,8 Rooms Madrid,4.4,4.4,4.0,110.0,10.0,10.0,90.0,251.0,4.0
TH520,Hostal Benamar,,,,129.0,3.0,6.0,109.0,257.0,4.5
EC460,Hostal America,3.9,4.5,3.8,31.0,14.0,11.0,69.0,169.0,3.5
JH500,Hostel Meeting Point,,,,94.0,31.0,40.0,70.0,275.0,3.5
BW258,Hotel Sardinero Madrid,4.5,4.7,4.4,473.0,23.0,17.0,337.0,921.0,4.5
BW472,Far Home Hostels,4.3,4.8,4.0,70.0,11.0,12.0,70.0,197.0,4.0
AA240,Ayre Gran Hotel Colon,4.2,3.7,4.0,1006.0,110.0,74.0,1362.0,2986.0,4.0
EC317,VP Jardin de Recoletos,4.7,4.8,4.5,434.0,6.0,3.0,230.0,703.0,4.5
AA608,Apartamentos Madrid Centro,,,,,,,,1.0,5.0
JH518,Arenal Suites Preciados,,,,,,,,5.0,5.0
AA605,Gran Via Suites III,,,,,,,,1.0,5.0
EX632,Apartamentos Real,,,,,,,,1.0,4.0
TR174,A&Z ULISES Guest House,5,3.5,3.3,4.0,0.0,2.0,0.0,7.0,3.5
JH383,Rafaelhoteles Ventas,4.1,4.0,3.9,251.0,69.0,47.0,481.0,1103.0,3.5
BW627,Mindanao Hotel,,,,,,,,1.0,5.0
EX343,ILUNION Alcala Norte,4.4,3.5,4.2,404.0,35.0,29.0,444.0,1078.0,4.0
EC359,Arenal Suites Madrid,4.8,5.0,4.8,27.0,0.0,0.0,3.0,31.0,5.0
BW381,Hostal la Perla Asturiana,4,4.9,4.0,95.0,10.0,6.0,143.0,308.0,4.0
TH493,TH Aravaca,,,,16.0,9.0,18.0,27.0,112.0,3.0
BW621,Hostal Parajas,,,,,,,,30.0,3.0
EC735,MIT House Salamanca Confort Penalver en Madrid Capital,,,,,,,,1.0,1.0
AA319,Relais & Chateaux Hotel Orfila,4.8,4.8,4.9,1485.0,13.0,6.0,182.0,1723.0,5.0
BW389,Hostal Josefina,3.8,4.9,3.4,33.0,14.0,21.0,81.0,199.0,3.5
EC175,Hostal Enebral,,,,5.0,13.0,25.0,33.0,100.0,3.0
EC29,CH Adeco II,,,,1.0,1.0,1.0,1.0,7.0,3.0
AA609,Km1 San Bernardo Apartments,,,,,,,,11.0,3.5
AA490,Hostal Granado,4.3,3.6,4.1,26.0,1.0,3.0,26.0,76.0,4.0
EX535,Piamonte Apartments,,,,12.0,0.0,1.0,9.0,30.0,4.0
AA346,Bluesock Hostels Madrid,4,5.0,4.2,8.0,1.0,5.0,4.0,20.0,3.5
EC390,Hotel Ateneo Puerta del Sol,4.2,4.7,4.2,119.0,23.0,11.0,182.0,408.0,4.0
EX445,Aparthotel Avenida de America,,,,13.0,0.0,2.0,11.0,28.0,4.0
EC374,Apartamentos Juan Bravo,4.1,4.4,3.9,96.0,10.0,8.0,134.0,292.0,4.0
BW205,Hotel Atlantico,4.8,4.9,4.6,2596.0,48.0,33.0,1001.0,3864.0,4.5
AA54,Hostal Olmedo,3.8,4.7,3.3,14.0,9.0,10.0,39.0,101.0,3.5
AA548,Village Rooms Barajas,,,,5.0,1.0,0.0,4.0,13.0,4.0
EC127,"Santo Mauro, a Luxury Collection Hotel",,,,,,,,,
TR658,All In Hotels Suites Feria de Madrid,,,,10.0,26.0,32.0,43.0,152.0,3.0
TH449,Espahotel Plaza Basilica,3.9,3.9,3.9,47.0,19.0,15.0,91.0,218.0,3.5
EX4,Hostal Vazquez de Mella -Gran Via-,4.5,4.7,4.1,83.0,11.0,14.0,82.0,211.0,4.0
AA508,Aparthotel Quo Eraso,,,,25.0,13.0,9.0,77.0,181.0,3.5
BW34,Friendly Rentals Salamanca Confort Ayala,,,,,,,,1.0,2.0
EC95,Apartamentos Goya 75,2.2,4.2,2.2,8.0,23.0,48.0,9.0,103.0,2.0
AA666,Family Apartment Gobernador,,,,1.0,1.0,2.0,3.0,7.0,3.0
EC195,Petit Palace Puerta del Sol,4.1,4.8,4.2,732.0,67.0,38.0,621.0,1643.0,4.0
TH694,Hostal Daniel,,,,1.0,1.0,5.0,0.0,9.0,2.0
BW308,Globales Acis & Galatea,4.4,3.4,4.2,90.0,9.0,8.0,117.0,253.0,4.0
AA724,Hostal del Quijote,3,3.0,1.8,1.0,1.0,8.0,0.0,10.0,1.5
JH549,Hostal Ibias,,,,,,,,43.0,3.5
EX64,Hostal Atocha Almudena Martin,4,4.6,3.9,97.0,11.0,23.0,165.0,357.0,4.0
BW641,Apartamentos Central Suites Gavirental,,,,1.0,1.0,1.0,1.0,9.0,3.0
TR358,Hostal Gran Via 44,3.4,4.6,3.4,20.0,13.0,22.0,44.0,121.0,3.0
BW276,ILUNION Atrium,4.4,3.7,4.4,813.0,55.0,42.0,604.0,1697.0,4.0
JH307,Sercotel Madrid Aeropuerto,4.4,4.2,4.3,175.0,23.0,33.0,125.0,403.0,4.0
EX330,NH Madrid Balboa,4.5,4.5,4.4,130.0,13.0,9.0,86.0,260.0,4.0
AA448,Room007 Chueca Hostel,,,,397.0,17.0,30.0,205.0,690.0,4.5
AA151,Hotel Avion,4,,3.0,,,,,2.0,2.0
AA654,Boutike Cibeles,,,,,,,,6.0,3.0
EX488,Hostal Victoria II,,,,54.0,14.0,15.0,130.0,264.0,3.5
JH295,Hotel Eurostars Monte Real,4.4,3.1,4.1,97.0,6.0,12.0,137.0,291.0,4.0
JH612,Chueca The Palmer House Hostel,,,,,,,,2.0,3.5
BW245,El Rincon de Gran Via,4.5,4.8,4.1,170.0,22.0,16.0,197.0,457.0,4.0
EC347,Ibis Budget Madrid Centro Lavapies,4.1,4.0,3.8,39.0,10.0,24.0,51.0,151.0,3.5
AA416,Hostal Residencia Fernandez,4.2,4.7,3.8,26.0,5.0,8.0,58.0,128.0,3.5
EC589,HomeStay Extremadura,,,,,,,,1.0,5.0
AA303,NH Madrid Chamberi,4.4,4.3,4.3,203.0,21.0,8.0,273.0,591.0,4.0
BW443,Hotel Villa de Barajas,4.2,4.2,3.9,105.0,39.0,13.0,219.0,511.0,3.5
TH499,Hostal Abel Victoriano,,,,254.0,13.0,18.0,182.0,525.0,4.0
TH181,Hostel Almansa,2.5,4.0,3.9,3.0,0.0,4.0,4.0,15.0,3.0
EX164,Hotel Abalu,3.7,4.1,3.7,133.0,48.0,83.0,152.0,502.0,3.5
TH700,limehome Madrid,,,,,,,,9.0,2.5
TH434,Hostal Cervantes,3.9,4.8,3.8,21.0,7.0,10.0,37.0,92.0,3.5
EX19,Eric Vokel Boutique Apartments - Madrid Suites,4.6,4.6,4.5,698.0,9.0,16.0,213.0,974.0,4.5
TR118,room007 Select Sol,4.4,4.9,4.4,211.0,10.0,18.0,179.0,464.0,4.0
EC324,Petit Palace Preciados,4.1,4.8,4.1,563.0,70.0,43.0,593.0,1465.0,4.0
BW569,Los Jeronimos,4.4,4.7,3.8,8.0,0.0,4.0,18.0,30.0,4.0
TR318,DoubleTree by Hilton Madrid-Prado,4.8,4.9,4.7,532.0,12.0,13.0,114.0,703.0,4.5
AA734,Apartamentos Madrid Titania,,,,,,,,1.0,0.0
TR463,Cason del Tormes,,,,216.0,19.0,11.0,420.0,786.0,4.0
TR20,Hostal Alexis,,,,208.0,5.0,7.0,75.0,307.0,4.5
EC517,Hostalin Madrid Atocha,,,,14.0,2.0,4.0,19.0,46.0,4.0
JH68,Hostal Romero,,,,14.0,2.0,2.0,5.0,31.0,4.0
EX45,Santa Ana Flats,,,,8.0,3.0,6.0,3.0,23.0,3.0
TR22,Hotel Mirador de Chamartin,4.1,3.2,3.7,119.0,46.0,21.0,251.0,552.0,3.5
EC269,Hotel Hospes Puerta de Alcala,4.6,4.8,4.5,645.0,29.0,20.0,238.0,998.0,4.5
AA644,Apartamentos Fuencarral Luxury,,,,,,,,3.0,3.0
AA591,Chueca Gran Via Apartaments,,,,,,,,1.0,5.0
JH106,Apartamentos Madrid Anderson,,,,,,,,3.0,3.5
BW481,Hostal Madrid Star,4.3,4.9,4.1,76.0,5.0,5.0,63.0,170.0,4.0
EC651,Amberes,,,,,,,,1.0,2.0
JH189,Apartamentos Adelfas,,,,,,,,7.0,1.0
TH680,Rooms Multicolor,,,,1.0,1.0,5.0,3.0,13.0,2.5
AA604,Hotel Puerto,,,,,,,,1.0,5.0
AA603,Koko Aeropuerto,,,,,,,,1.0,5.0
TH584,Occidental Fuengirola by Barcelo,,,,,,,,1.0,5.0
BW542,Hostal Gallardo,,,,14.0,8.0,8.0,34.0,98.0,3.5
TH397,Matute 11,4.3,4.9,4.2,119.0,12.0,10.0,84.0,252.0,4.0
BW270,Leonardo Hotel Madrid City Center,4.3,4.5,4.1,147.0,18.0,20.0,186.0,438.0,4.0
EC385,Hotel Madrisol,3.8,4.6,3.5,52.0,55.0,44.0,151.0,456.0,3.0
TH119,Dwo Colours Alcala,,3.0,5.0,5.0,0.0,0.0,1.0,6.0,5.0
EC504,CriteriaHome,,,,,,,,4.0,4.5
EX464,AC Hotel by Marriott Cuzco,,,,288.0,44.0,22.0,494.0,1008.0,4.0
BW441,Hotel Life,3.6,4.4,3.3,38.0,23.0,30.0,70.0,205.0,3.5
EC231,Erase un Hotel,3.7,3.9,3.8,55.0,15.0,14.0,78.0,217.0,3.5
JH649,Apartamentos Calle Barquillo,,,,1.0,1.0,3.0,2.0,9.0,2.5
TH161,Hostal Besaya,,,,92.0,4.0,4.0,108.0,235.0,4.0
EX705,Pension Berti,,,,2.0,1.0,19.0,5.0,33.0,2.0
EX366,NH Madrid Principe de Vergara,4.5,4.2,4.4,916.0,20.0,24.0,745.0,1836.0,4.5
TR558,Albergue Juvenil San Fermin,,,,4.0,3.0,2.0,14.0,26.0,3.5
EX485,Hostal Avenida Barajas,,,,41.0,5.0,2.0,48.0,132.0,4.0
EC635,Rooms Arguelles 58,,,,,,,,1.0,3.0
TH66,Hostal LeZule,,,,0.0,4.0,3.0,1.0,8.0,2.0
TR423,Hostal San Blas,3.4,4.5,3.2,10.0,26.0,13.0,33.0,135.0,3.0
TR37,Funway Academic Resort,3.8,3.3,2.9,9.0,5.0,8.0,13.0,50.0,3.0
JH115,Hotel Madrid Albufera,,,,3.0,7.0,11.0,5.0,36.0,2.5
BW552,Apartamentos Imagine Madrid,,,,3.0,1.0,0.0,4.0,8.0,4.0
TR413,Hostal San Antonio,4.6,4.7,4.1,42.0,10.0,2.0,53.0,130.0,4.0
TH89,Casa de Huespedes Carabanchel by Vivere Stays,,,,7.0,7.0,13.0,6.0,41.0,2.5
AA467,Hotel Zenit Conde de Orgaz,,,,137.0,28.0,24.0,211.0,507.0,4.0
JH564,Madrid Apartamentos Centro,,,,3.0,0.0,1.0,1.0,6.0,4.0
BW224,Vincci Soma,4.2,4.5,4.1,505.0,78.0,55.0,548.0,1433.0,4.0
TR84,Charming Museo Del Prado,,,,,,,,1.0,5.0
TH147,Apartamentos Dana Madrid,4.3,4.4,4.6,25.0,0.0,1.0,9.0,38.0,4.5
BW353,Apartment in the Centre,4.5,4.7,4.5,136.0,4.0,1.0,88.0,238.0,4.5
EC544,Pension Arcos,,,,7.0,0.0,0.0,7.0,17.0,4.0
JH148,Alegria,4.3,4.7,4.2,,,,,14.0,4.0
AA196,NH Collection Madrid Abascal,4.7,4.5,4.7,1290.0,31.0,14.0,501.0,1928.0,4.5
EX709,Apartamentos Ile de France,2.3,4.8,1.8,0.0,2.0,7.0,0.0,10.0,1.5
JH142,The Madrid EDITION,5,5.0,5.0,164.0,0.0,3.0,4.0,173.0,5.0
JH179,Aloft Madrid Gran Via,4.7,4.8,4.5,143.0,10.0,8.0,51.0,232.0,4.5
TH348,Hotel Infantas by Mij,4.5,4.8,4.3,539.0,30.0,15.0,523.0,1231.0,4.5
EC640,TH La Florida,3.1,3.0,3.2,22.0,24.0,24.0,36.0,141.0,3.0
BW188,L&H Apartments,,,,13.0,10.0,12.0,26.0,80.0,3.0
TH107,Hostal Artic,,,,,,,,1.0,4.0
TR150,Melia Barajas,4.3,4.2,4.1,771.0,129.0,139.0,848.0,2176.0,4.0
TR513,Hostal La Banezana,4.7,4.8,4.4,24.0,3.0,0.0,21.0,60.0,4.0
EX55,Mucho Madrid,4.3,4.8,4.2,104.0,8.0,6.0,51.0,193.0,4.0
TR248,Hotel Infanta Mercedes,4,3.9,4.0,73.0,24.0,18.0,147.0,376.0,3.5
EX332,Eco Alcala Suites,3.9,3.4,3.9,85.0,34.0,17.0,166.0,384.0,3.5
EC686,Jmg Hostels Madrid,,,,1.0,6.0,5.0,5.0,24.0,2.5
EX572,For You Apartments Madrid,,5.0,,,,,,2.0,5.0
EX138,Bloom Inn Madrid,5,5.0,4.7,,,,,13.0,4.5
BW384,Hostal Ballesta,4.4,4.6,4.1,262.0,16.0,10.0,380.0,782.0,4.0
EC169,"InterContinental Madrid, an IHG Hotel",,,,,,,,,
JH49,Hotel uVe Marcenado,5,5.0,5.0,5.0,0.0,0.0,1.0,7.0,4.5
TH286,Ibis Styles Madrid Prado,4.5,4.8,4.3,661.0,34.0,23.0,699.0,1546.0,4.5
TR206,Ibis Madrid Centro,4.5,4.6,4.5,730.0,22.0,8.0,805.0,1740.0,4.5
JH718,Arc House Madrid,,,,,,,,10.0,1.5
