Name;Continent;Language;Percentage
Aruba;North America;Dutch;5.3
Aruba;North America;Spanish;7.4
Aruba;North America;Greek;1.8
Aruba;North America;Spanish;44.6
Aruba;North America;Dutch;0.0
Aruba;North America;Spanish;96.8
Aruba;North America;Greek;1.6
Aruba;North America;Dutch;59.2
Aruba;North America;Spanish;31.6
Aruba;North America;Spanish;87.7
Afghanistan;Asia;Dutch;5.3
Afghanistan;Asia;Spanish;7.4
Afghanistan;Asia;Greek;1.8
Afghanistan;Asia;Spanish;44.6
Afghanistan;Asia;Dutch;0.0
Afghanistan;Asia;Spanish;96.8
Afghanistan;Asia;Greek;1.6
Afghanistan;Asia;Dutch;59.2
Afghanistan;Asia;Spanish;31.6
Afghanistan;Asia;Spanish;87.7
Angola;Africa;Dutch;5.3
Angola;Africa;Spanish;7.4
Angola;Africa;Greek;1.8
Angola;Africa;Spanish;44.6
Angola;Africa;Dutch;0.0
Angola;Africa;Spanish;96.8
Angola;Africa;Greek;1.6
Angola;Africa;Dutch;59.2
Angola;Africa;Spanish;31.6
Angola;Africa;Spanish;87.7
Anguilla;North America;Dutch;5.3
Anguilla;North America;Spanish;7.4
Anguilla;North America;Greek;1.8
Anguilla;North America;Spanish;44.6
Anguilla;North America;Dutch;0.0
Anguilla;North America;Spanish;96.8
Anguilla;North America;Greek;1.6
Anguilla;North America;Dutch;59.2
Anguilla;North America;Spanish;31.6
Anguilla;North America;Spanish;87.7
Albania;Europe;Dutch;5.3
Albania;Europe;Spanish;7.4
Albania;Europe;Greek;1.8
Albania;Europe;Spanish;44.6
Albania;Europe;Dutch;0.0
Albania;Europe;Spanish;96.8
Albania;Europe;Greek;1.6
Albania;Europe;Dutch;59.2
Albania;Europe;Spanish;31.6
Albania;Europe;Spanish;87.7
Andorra;Europe;Dutch;5.3
Andorra;Europe;Spanish;7.4
Andorra;Europe;Greek;1.8
Andorra;Europe;French;6.2
Andorra;Europe;Spanish;44.6
Andorra;Europe;Dutch;0.0
Andorra;Europe;Spanish;96.8
Andorra;Europe;Greek;1.6
Andorra;Europe;Dutch;59.2
Andorra;Europe;Spanish;31.6
Andorra;Europe;Spanish;87.7
Netherlands Antilles;North America;Dutch;5.3
Netherlands Antilles;North America;Spanish;7.4
Netherlands Antilles;North America;Greek;1.8
Netherlands Antilles;North America;Spanish;44.6
Netherlands Antilles;North America;Dutch;0.0
Netherlands Antilles;North America;Spanish;96.8
Netherlands Antilles;North America;Greek;1.6
Netherlands Antilles;North America;Dutch;59.2
Netherlands Antilles;North America;Spanish;31.6
Netherlands Antilles;North America;Spanish;87.7
United Arab Emirates;Asia;Dutch;5.3
United Arab Emirates;Asia;Spanish;7.4
United Arab Emirates;Asia;Greek;1.8
United Arab Emirates;Asia;Spanish;44.6
United Arab Emirates;Asia;Dutch;0.0
United Arab Emirates;Asia;Spanish;96.8
United Arab Emirates;Asia;Greek;1.6
United Arab Emirates;Asia;Dutch;59.2
United Arab Emirates;Asia;Spanish;31.6
United Arab Emirates;Asia;Spanish;87.7
Argentina;South America;Dutch;5.3
Argentina;South America;Spanish;7.4
Argentina;South America;Greek;1.8
Argentina;South America;Spanish;44.6
Argentina;South America;Dutch;0.0
Argentina;South America;Spanish;96.8
Argentina;South America;Greek;1.6
Argentina;South America;Dutch;59.2
Argentina;South America;Spanish;31.6
Argentina;South America;Spanish;87.7
Armenia;Asia;Dutch;5.3
Armenia;Asia;Spanish;7.4
Armenia;Asia;Greek;1.8
Armenia;Asia;Spanish;44.6
Armenia;Asia;Dutch;0.0
Armenia;Asia;Spanish;96.8
Armenia;Asia;Greek;1.6
Armenia;Asia;Dutch;59.2
Armenia;Asia;Spanish;31.6
Armenia;Asia;Spanish;87.7
American Samoa;Oceania;Dutch;5.3
American Samoa;Oceania;Spanish;7.4
American Samoa;Oceania;Greek;1.8
American Samoa;Oceania;Spanish;44.6
American Samoa;Oceania;Dutch;0.0
American Samoa;Oceania;Spanish;96.8
American Samoa;Oceania;Greek;1.6
American Samoa;Oceania;Dutch;59.2
American Samoa;Oceania;Spanish;31.6
American Samoa;Oceania;Spanish;87.7
Antarctica;Antarctica;Dutch;5.3
Antarctica;Antarctica;Spanish;7.4
Antarctica;Antarctica;Greek;1.8
Antarctica;Antarctica;Spanish;44.6
Antarctica;Antarctica;Dutch;0.0
Antarctica;Antarctica;Spanish;96.8
Antarctica;Antarctica;Greek;1.6
Antarctica;Antarctica;Dutch;59.2
Antarctica;Antarctica;Spanish;31.6
Antarctica;Antarctica;Spanish;87.7
French Southern territories;Antarctica;Dutch;5.3
French Southern territories;Antarctica;Spanish;7.4
French Southern territories;Antarctica;Greek;1.8
French Southern territories;Antarctica;Spanish;44.6
French Southern territories;Antarctica;Dutch;0.0
French Southern territories;Antarctica;Spanish;96.8
French Southern territories;Antarctica;Greek;1.6
French Southern territories;Antarctica;Dutch;59.2
French Southern territories;Antarctica;Spanish;31.6
French Southern territories;Antarctica;Spanish;87.7
Antigua and Barbuda;North America;Dutch;5.3
Antigua and Barbuda;North America;Spanish;7.4
Antigua and Barbuda;North America;Greek;1.8
Antigua and Barbuda;North America;Spanish;44.6
Antigua and Barbuda;North America;Dutch;0.0
Antigua and Barbuda;North America;Spanish;96.8
Antigua and Barbuda;North America;Greek;1.6
Antigua and Barbuda;North America;Dutch;59.2
Antigua and Barbuda;North America;Spanish;31.6
Antigua and Barbuda;North America;Spanish;87.7
Australia;Oceania;Dutch;5.3
Australia;Oceania;Spanish;7.4
Australia;Oceania;Greek;1.8
Australia;Oceania;Spanish;44.6
Australia;Oceania;Dutch;0.0
Australia;Oceania;Spanish;96.8
Australia;Oceania;Greek;1.6
Australia;Oceania;Dutch;59.2
Australia;Oceania;Spanish;31.6
Australia;Oceania;Spanish;87.7
Austria;Europe;Dutch;5.3
Austria;Europe;Spanish;7.4
Austria;Europe;Greek;1.8
Austria;Europe;Spanish;44.6
Austria;Europe;Dutch;0.0
Austria;Europe;Spanish;96.8
Austria;Europe;Greek;1.6
Austria;Europe;Dutch;59.2
Austria;Europe;Spanish;31.6
Austria;Europe;Spanish;87.7
Azerbaijan;Asia;Dutch;5.3
Azerbaijan;Asia;Spanish;7.4
Azerbaijan;Asia;Greek;1.8
Azerbaijan;Asia;Spanish;44.6
Azerbaijan;Asia;Dutch;0.0
Azerbaijan;Asia;Spanish;96.8
Azerbaijan;Asia;Greek;1.6
Azerbaijan;Asia;Dutch;59.2
Azerbaijan;Asia;Spanish;31.6
Azerbaijan;Asia;Spanish;87.7
Burundi;Africa;Dutch;5.3
Burundi;Africa;Spanish;7.4
Burundi;Africa;Greek;1.8
Burundi;Africa;Spanish;44.6
Burundi;Africa;Dutch;0.0
Burundi;Africa;Spanish;96.8
Burundi;Africa;Greek;1.6
Burundi;Africa;French;0.0
Burundi;Africa;Dutch;59.2
Burundi;Africa;Spanish;31.6
Burundi;Africa;Spanish;87.7
Belgium;Europe;Dutch;5.3
Belgium;Europe;Spanish;7.4
Belgium;Europe;Greek;1.8
Belgium;Europe;Spanish;44.6
Belgium;Europe;Dutch;0.0
Belgium;Europe;Spanish;96.8
Belgium;Europe;Greek;1.6
Belgium;Europe;Dutch;59.2
Belgium;Europe;French;32.6
Belgium;Europe;Spanish;31.6
Belgium;Europe;Spanish;87.7
Benin;Africa;Dutch;5.3
Benin;Africa;Spanish;7.4
Benin;Africa;Greek;1.8
Benin;Africa;Spanish;44.6
Benin;Africa;Dutch;0.0
Benin;Africa;Spanish;96.8
Benin;Africa;Greek;1.6
Benin;Africa;Dutch;59.2
Benin;Africa;Spanish;31.6
Benin;Africa;Spanish;87.7
Burkina Faso;Africa;Dutch;5.3
Burkina Faso;Africa;Spanish;7.4
Burkina Faso;Africa;Greek;1.8
Burkina Faso;Africa;Spanish;44.6
Burkina Faso;Africa;Dutch;0.0
Burkina Faso;Africa;Spanish;96.8
Burkina Faso;Africa;Greek;1.6
Burkina Faso;Africa;Dutch;59.2
Burkina Faso;Africa;Spanish;31.6
Burkina Faso;Africa;Spanish;87.7
Bangladesh;Asia;Dutch;5.3
Bangladesh;Asia;Spanish;7.4
Bangladesh;Asia;Greek;1.8
Bangladesh;Asia;Spanish;44.6
Bangladesh;Asia;Dutch;0.0
Bangladesh;Asia;Spanish;96.8
Bangladesh;Asia;Greek;1.6
Bangladesh;Asia;Dutch;59.2
Bangladesh;Asia;Spanish;31.6
Bangladesh;Asia;Spanish;87.7
Bulgaria;Europe;Dutch;5.3
Bulgaria;Europe;Spanish;7.4
Bulgaria;Europe;Greek;1.8
Bulgaria;Europe;Spanish;44.6
Bulgaria;Europe;Dutch;0.0
Bulgaria;Europe;Spanish;96.8
Bulgaria;Europe;Greek;1.6
Bulgaria;Europe;Dutch;59.2
Bulgaria;Europe;Spanish;31.6
Bulgaria;Europe;Spanish;87.7
Bahrain;Asia;Dutch;5.3
Bahrain;Asia;Spanish;7.4
Bahrain;Asia;Greek;1.8
Bahrain;Asia;Spanish;44.6
Bahrain;Asia;Dutch;0.0
Bahrain;Asia;Spanish;96.8
Bahrain;Asia;Greek;1.6
Bahrain;Asia;Dutch;59.2
Bahrain;Asia;Spanish;31.6
Bahrain;Asia;Spanish;87.7
Bahamas;North America;Dutch;5.3
Bahamas;North America;Spanish;7.4
Bahamas;North America;Greek;1.8
Bahamas;North America;Spanish;44.6
Bahamas;North America;Dutch;0.0
Bahamas;North America;Spanish;96.8
Bahamas;North America;Greek;1.6
Bahamas;North America;Dutch;59.2
Bahamas;North America;Spanish;31.6
Bahamas;North America;Spanish;87.7
Bosnia and Herzegovina;Europe;Dutch;5.3
Bosnia and Herzegovina;Europe;Spanish;7.4
Bosnia and Herzegovina;Europe;Greek;1.8
Bosnia and Herzegovina;Europe;Spanish;44.6
Bosnia and Herzegovina;Europe;Dutch;0.0
Bosnia and Herzegovina;Europe;Spanish;96.8
Bosnia and Herzegovina;Europe;Greek;1.6
Bosnia and Herzegovina;Europe;Dutch;59.2
Bosnia and Herzegovina;Europe;Spanish;31.6
Bosnia and Herzegovina;Europe;Spanish;87.7
Belarus;Europe;Dutch;5.3
Belarus;Europe;Spanish;7.4
Belarus;Europe;Greek;1.8
Belarus;Europe;Spanish;44.6
Belarus;Europe;Dutch;0.0
Belarus;Europe;Spanish;96.8
Belarus;Europe;Greek;1.6
Belarus;Europe;Dutch;59.2
Belarus;Europe;Spanish;31.6
Belarus;Europe;Spanish;87.7
Belize;North America;Dutch;5.3
Belize;North America;Spanish;7.4
Belize;North America;Greek;1.8
Belize;North America;Spanish;44.6
Belize;North America;Dutch;0.0
Belize;North America;Spanish;96.8
Belize;North America;Greek;1.6
Belize;North America;Dutch;59.2
Belize;North America;Spanish;31.6
Belize;North America;Spanish;87.7
Bermuda;North America;Dutch;5.3
Bermuda;North America;Spanish;7.4
Bermuda;North America;Greek;1.8
Bermuda;North America;Spanish;44.6
Bermuda;North America;Dutch;0.0
Bermuda;North America;Spanish;96.8
Bermuda;North America;Greek;1.6
Bermuda;North America;Dutch;59.2
Bermuda;North America;Spanish;31.6
Bermuda;North America;Spanish;87.7
Bolivia;South America;Dutch;5.3
Bolivia;South America;Spanish;7.4
Bolivia;South America;Greek;1.8
Bolivia;South America;Spanish;44.6
Bolivia;South America;Dutch;0.0
Bolivia;South America;Spanish;96.8
Bolivia;South America;Greek;1.6
Bolivia;South America;Dutch;59.2
Bolivia;South America;Spanish;31.6
Bolivia;South America;Spanish;87.7
Brazil;South America;Dutch;5.3
Brazil;South America;Spanish;7.4
Brazil;South America;Greek;1.8
Brazil;South America;Spanish;44.6
Brazil;South America;Dutch;0.0
Brazil;South America;Spanish;96.8
Brazil;South America;Greek;1.6
Brazil;South America;Dutch;59.2
Brazil;South America;Spanish;31.6
Brazil;South America;Spanish;87.7
Barbados;North America;Dutch;5.3
Barbados;North America;Spanish;7.4
Barbados;North America;Greek;1.8
Barbados;North America;Spanish;44.6
Barbados;North America;Dutch;0.0
Barbados;North America;Spanish;96.8
Barbados;North America;Greek;1.6
Barbados;North America;Dutch;59.2
Barbados;North America;Spanish;31.6
Barbados;North America;Spanish;87.7
Brunei;Asia;Dutch;5.3
Brunei;Asia;Spanish;7.4
Brunei;Asia;Greek;1.8
Brunei;Asia;Spanish;44.6
Brunei;Asia;Dutch;0.0
Brunei;Asia;Spanish;96.8
Brunei;Asia;Greek;1.6
Brunei;Asia;Dutch;59.2
Brunei;Asia;Spanish;31.6
Brunei;Asia;Spanish;87.7
Bhutan;Asia;Dutch;5.3
Bhutan;Asia;Spanish;7.4
Bhutan;Asia;Greek;1.8
Bhutan;Asia;Spanish;44.6
Bhutan;Asia;Dutch;0.0
Bhutan;Asia;Spanish;96.8
Bhutan;Asia;Greek;1.6
Bhutan;Asia;Dutch;59.2
Bhutan;Asia;Spanish;31.6
Bhutan;Asia;Spanish;87.7
Bouvet Island;Antarctica;Dutch;5.3
Bouvet Island;Antarctica;Spanish;7.4
Bouvet Island;Antarctica;Greek;1.8
Bouvet Island;Antarctica;Spanish;44.6
Bouvet Island;Antarctica;Dutch;0.0
Bouvet Island;Antarctica;Spanish;96.8
Bouvet Island;Antarctica;Greek;1.6
Bouvet Island;Antarctica;Dutch;59.2
Bouvet Island;Antarctica;Spanish;31.6
Bouvet Island;Antarctica;Spanish;87.7
Botswana;Africa;Dutch;5.3
Botswana;Africa;Spanish;7.4
Botswana;Africa;Greek;1.8
Botswana;Africa;Spanish;44.6
Botswana;Africa;Dutch;0.0
Botswana;Africa;Spanish;96.8
Botswana;Africa;Greek;1.6
Botswana;Africa;Dutch;59.2
Botswana;Africa;Spanish;31.6
Botswana;Africa;Spanish;87.7
Central African Republic;Africa;Dutch;5.3
Central African Republic;Africa;Spanish;7.4
Central African Republic;Africa;Greek;1.8
Central African Republic;Africa;Spanish;44.6
Central African Republic;Africa;Dutch;0.0
Central African Republic;Africa;Spanish;96.8
Central African Republic;Africa;Greek;1.6
Central African Republic;Africa;Dutch;59.2
Central African Republic;Africa;Spanish;31.6
Central African Republic;Africa;Spanish;87.7
Canada;North America;Dutch;5.3
Canada;North America;Spanish;7.4
Canada;North America;Greek;1.8
Canada;North America;Spanish;44.6
Canada;North America;Dutch;0.0
Canada;North America;Spanish;96.8
Canada;North America;Greek;1.6
Canada;North America;Dutch;59.2
Canada;North America;Spanish;31.6
Canada;North America;Spanish;87.7
Cocos (Keeling) Islands;Oceania;Dutch;5.3
Cocos (Keeling) Islands;Oceania;Spanish;7.4
Cocos (Keeling) Islands;Oceania;Greek;1.8
Cocos (Keeling) Islands;Oceania;Spanish;44.6
Cocos (Keeling) Islands;Oceania;Dutch;0.0
Cocos (Keeling) Islands;Oceania;Spanish;96.8
Cocos (Keeling) Islands;Oceania;Greek;1.6
Cocos (Keeling) Islands;Oceania;Dutch;59.2
Cocos (Keeling) Islands;Oceania;Spanish;31.6
Cocos (Keeling) Islands;Oceania;Spanish;87.7
Switzerland;Europe;Dutch;5.3
Switzerland;Europe;Spanish;7.4
Switzerland;Europe;Greek;1.8
Switzerland;Europe;Spanish;44.6
Switzerland;Europe;Dutch;0.0
Switzerland;Europe;Spanish;96.8
Switzerland;Europe;Greek;1.6
Switzerland;Europe;Dutch;59.2
Switzerland;Europe;Spanish;31.6
Switzerland;Europe;Spanish;87.7
Chile;South America;Dutch;5.3
Chile;South America;Spanish;7.4
Chile;South America;Greek;1.8
Chile;South America;Spanish;44.6
Chile;South America;Dutch;0.0
Chile;South America;Spanish;96.8
Chile;South America;Greek;1.6
Chile;South America;Dutch;59.2
Chile;South America;Spanish;31.6
Chile;South America;Spanish;87.7
China;Asia;Dutch;5.3
China;Asia;Spanish;7.4
China;Asia;Greek;1.8
China;Asia;Spanish;44.6
China;Asia;Dutch;0.0
China;Asia;Spanish;96.8
China;Asia;Greek;1.6
China;Asia;Dutch;59.2
China;Asia;Spanish;31.6
China;Asia;Spanish;87.7
Côte d’Ivoire;Africa;Dutch;5.3
Côte d’Ivoire;Africa;Spanish;7.4
Côte d’Ivoire;Africa;Greek;1.8
Côte d’Ivoire;Africa;Spanish;44.6
Côte d’Ivoire;Africa;Dutch;0.0
Côte d’Ivoire;Africa;Spanish;96.8
Côte d’Ivoire;Africa;Greek;1.6
Côte d’Ivoire;Africa;Dutch;59.2
Côte d’Ivoire;Africa;Spanish;31.6
Côte d’Ivoire;Africa;Spanish;87.7
Cameroon;Africa;Dutch;5.3
Cameroon;Africa;Spanish;7.4
Cameroon;Africa;Greek;1.8
Cameroon;Africa;Spanish;44.6
Cameroon;Africa;Dutch;0.0
Cameroon;Africa;Spanish;96.8
Cameroon;Africa;Greek;1.6
Cameroon;Africa;Dutch;59.2
Cameroon;Africa;Spanish;31.6
Cameroon;Africa;Spanish;87.7
Congo, The Democratic Republic of the;Africa;Dutch;5.3
Congo, The Democratic Republic of the;Africa;Spanish;7.4
Congo, The Democratic Republic of the;Africa;Greek;1.8
Congo, The Democratic Republic of the;Africa;Spanish;44.6
Congo, The Democratic Republic of the;Africa;Dutch;0.0
Congo, The Democratic Republic of the;Africa;Spanish;96.8
Congo, The Democratic Republic of the;Africa;Greek;1.6
Congo, The Democratic Republic of the;Africa;Dutch;59.2
Congo, The Democratic Republic of the;Africa;Spanish;31.6
Congo, The Democratic Republic of the;Africa;Spanish;87.7
Congo;Africa;Dutch;5.3
Congo;Africa;Spanish;7.4
Congo;Africa;Greek;1.8
Congo;Africa;Spanish;44.6
Congo;Africa;Dutch;0.0
Congo;Africa;Spanish;96.8
Congo;Africa;Greek;1.6
Congo;Africa;Dutch;59.2
Congo;Africa;Spanish;31.6
Congo;Africa;Spanish;87.7
Cook Islands;Oceania;Dutch;5.3
Cook Islands;Oceania;Spanish;7.4
Cook Islands;Oceania;Greek;1.8
Cook Islands;Oceania;Spanish;44.6
Cook Islands;Oceania;Dutch;0.0
Cook Islands;Oceania;Spanish;96.8
Cook Islands;Oceania;Greek;1.6
Cook Islands;Oceania;Dutch;59.2
Cook Islands;Oceania;Spanish;31.6
Cook Islands;Oceania;Spanish;87.7
Colombia;South America;Dutch;5.3
Colombia;South America;Spanish;7.4
Colombia;South America;Greek;1.8
Colombia;South America;Spanish;44.6
Colombia;South America;Dutch;0.0
Colombia;South America;Spanish;96.8
Colombia;South America;Greek;1.6
Colombia;South America;Dutch;59.2
Colombia;South America;Spanish;31.6
Colombia;South America;Spanish;87.7
Comoros;Africa;Dutch;5.3
Comoros;Africa;Spanish;7.4
Comoros;Africa;Greek;1.8
Comoros;Africa;Spanish;44.6
Comoros;Africa;Dutch;0.0
Comoros;Africa;Spanish;96.8
Comoros;Africa;Greek;1.6
Comoros;Africa;Dutch;59.2
Comoros;Africa;Spanish;31.6
Comoros;Africa;Spanish;87.7
Cape Verde;Africa;Dutch;5.3
Cape Verde;Africa;Spanish;7.4
Cape Verde;Africa;Greek;1.8
Cape Verde;Africa;Spanish;44.6
Cape Verde;Africa;Dutch;0.0
Cape Verde;Africa;Spanish;96.8
Cape Verde;Africa;Greek;1.6
Cape Verde;Africa;Dutch;59.2
Cape Verde;Africa;Spanish;31.6
Cape Verde;Africa;Spanish;87.7
Costa Rica;North America;Dutch;5.3
Costa Rica;North America;Spanish;7.4
Costa Rica;North America;Greek;1.8
Costa Rica;North America;Spanish;44.6
Costa Rica;North America;Dutch;0.0
Costa Rica;North America;Spanish;96.8
Costa Rica;North America;Greek;1.6
Costa Rica;North America;Dutch;59.2
Costa Rica;North America;Spanish;31.6
Costa Rica;North America;Spanish;87.7
Cuba;North America;Dutch;5.3
Cuba;North America;Spanish;7.4
Cuba;North America;Greek;1.8
Cuba;North America;Spanish;44.6
Cuba;North America;Dutch;0.0
Cuba;North America;Spanish;96.8
Cuba;North America;Greek;1.6
Cuba;North America;Dutch;59.2
Cuba;North America;Spanish;31.6
Cuba;North America;Spanish;87.7
Christmas Island;Oceania;Dutch;5.3
Christmas Island;Oceania;Spanish;7.4
Christmas Island;Oceania;Greek;1.8
Christmas Island;Oceania;Spanish;44.6
Christmas Island;Oceania;Dutch;0.0
Christmas Island;Oceania;Spanish;96.8
Christmas Island;Oceania;Greek;1.6
Christmas Island;Oceania;Dutch;59.2
Christmas Island;Oceania;Spanish;31.6
Christmas Island;Oceania;Spanish;87.7
Cayman Islands;North America;Dutch;5.3
Cayman Islands;North America;Spanish;7.4
Cayman Islands;North America;Greek;1.8
Cayman Islands;North America;Spanish;44.6
Cayman Islands;North America;Dutch;0.0
Cayman Islands;North America;Spanish;96.8
Cayman Islands;North America;Greek;1.6
Cayman Islands;North America;Dutch;59.2
Cayman Islands;North America;Spanish;31.6
Cayman Islands;North America;Spanish;87.7
Cyprus;Asia;Dutch;5.3
Cyprus;Asia;Spanish;7.4
Cyprus;Asia;Greek;1.8
Cyprus;Asia;Spanish;44.6
Cyprus;Asia;Dutch;0.0
Cyprus;Asia;Spanish;96.8
Cyprus;Asia;Greek;1.6
Cyprus;Asia;Dutch;59.2
Cyprus;Asia;Spanish;31.6
Cyprus;Asia;Spanish;87.7
Czech Republic;Europe;Dutch;5.3
Czech Republic;Europe;Spanish;7.4
Czech Republic;Europe;Greek;1.8
Czech Republic;Europe;Spanish;44.6
Czech Republic;Europe;Dutch;0.0
Czech Republic;Europe;Spanish;96.8
Czech Republic;Europe;Greek;1.6
Czech Republic;Europe;Dutch;59.2
Czech Republic;Europe;Spanish;31.6
Czech Republic;Europe;Spanish;87.7
Germany;Europe;Dutch;5.3
Germany;Europe;Spanish;7.4
Germany;Europe;Greek;1.8
Germany;Europe;Spanish;44.6
Germany;Europe;Dutch;0.0
Germany;Europe;Spanish;96.8
Germany;Europe;Greek;1.6
Germany;Europe;Dutch;59.2
Germany;Europe;Spanish;31.6
Germany;Europe;Spanish;87.7
Djibouti;Africa;Dutch;5.3
Djibouti;Africa;Spanish;7.4
Djibouti;Africa;Greek;1.8
Djibouti;Africa;Spanish;44.6
Djibouti;Africa;Dutch;0.0
Djibouti;Africa;Spanish;96.8
Djibouti;Africa;Greek;1.6
Djibouti;Africa;Dutch;59.2
Djibouti;Africa;Spanish;31.6
Djibouti;Africa;Spanish;87.7
Dominica;North America;Dutch;5.3
Dominica;North America;Spanish;7.4
Dominica;North America;Greek;1.8
Dominica;North America;Spanish;44.6
Dominica;North America;Dutch;0.0
Dominica;North America;Spanish;96.8
Dominica;North America;Greek;1.6
Dominica;North America;Dutch;59.2
Dominica;North America;Spanish;31.6
Dominica;North America;Spanish;87.7
Denmark;Europe;Dutch;5.3
Denmark;Europe;Spanish;7.4
Denmark;Europe;Greek;1.8
Denmark;Europe;Spanish;44.6
Denmark;Europe;Dutch;0.0
Denmark;Europe;Spanish;96.8
Denmark;Europe;Greek;1.6
Denmark;Europe;Dutch;59.2
Denmark;Europe;Spanish;31.6
Denmark;Europe;Spanish;87.7
Dominican Republic;North America;Dutch;5.3
Dominican Republic;North America;Spanish;7.4
Dominican Republic;North America;Greek;1.8
Dominican Republic;North America;Spanish;44.6
Dominican Republic;North America;Dutch;0.0
Dominican Republic;North America;Spanish;96.8
Dominican Republic;North America;Greek;1.6
Dominican Republic;North America;Dutch;59.2
Dominican Republic;North America;Spanish;31.6
Dominican Republic;North America;Spanish;87.7
Algeria;Africa;Dutch;5.3
Algeria;Africa;Spanish;7.4
Algeria;Africa;Greek;1.8
Algeria;Africa;Spanish;44.6
Algeria;Africa;Dutch;0.0
Algeria;Africa;Spanish;96.8
Algeria;Africa;Greek;1.6
Algeria;Africa;Dutch;59.2
Algeria;Africa;Spanish;31.6
Algeria;Africa;Spanish;87.7
Ecuador;South America;Dutch;5.3
Ecuador;South America;Spanish;7.4
Ecuador;South America;Greek;1.8
Ecuador;South America;Spanish;44.6
Ecuador;South America;Dutch;0.0
Ecuador;South America;Spanish;96.8
Ecuador;South America;Greek;1.6
Ecuador;South America;Dutch;59.2
Ecuador;South America;Spanish;31.6
Ecuador;South America;Spanish;87.7
Egypt;Africa;Dutch;5.3
Egypt;Africa;Spanish;7.4
Egypt;Africa;Greek;1.8
Egypt;Africa;Spanish;44.6
Egypt;Africa;Dutch;0.0
Egypt;Africa;Spanish;96.8
Egypt;Africa;Greek;1.6
Egypt;Africa;Dutch;59.2
Egypt;Africa;Spanish;31.6
Egypt;Africa;Spanish;87.7
Eritrea;Africa;Dutch;5.3
Eritrea;Africa;Spanish;7.4
Eritrea;Africa;Greek;1.8
Eritrea;Africa;Spanish;44.6
Eritrea;Africa;Dutch;0.0
Eritrea;Africa;Spanish;96.8
Eritrea;Africa;Greek;1.6
Eritrea;Africa;Dutch;59.2
Eritrea;Africa;Spanish;31.6
Eritrea;Africa;Spanish;87.7
Western Sahara;Africa;Dutch;5.3
Western Sahara;Africa;Spanish;7.4
Western Sahara;Africa;Greek;1.8
Western Sahara;Africa;Spanish;44.6
Western Sahara;Africa;Dutch;0.0
Western Sahara;Africa;Spanish;96.8
Western Sahara;Africa;Greek;1.6
Western Sahara;Africa;Dutch;59.2
Western Sahara;Africa;Spanish;31.6
Western Sahara;Africa;Spanish;87.7
Spain;Europe;Dutch;5.3
Spain;Europe;Spanish;7.4
Spain;Europe;Greek;1.8
Spain;Europe;Spanish;44.6
Spain;Europe;Dutch;0.0
Spain;Europe;Spanish;96.8
Spain;Europe;Greek;1.6
Spain;Europe;Dutch;59.2
Spain;Europe;Spanish;31.6
Spain;Europe;Spanish;87.7
Estonia;Europe;Dutch;5.3
Estonia;Europe;Spanish;7.4
Estonia;Europe;Greek;1.8
Estonia;Europe;Spanish;44.6
Estonia;Europe;Dutch;0.0
Estonia;Europe;Spanish;96.8
Estonia;Europe;Greek;1.6
Estonia;Europe;Dutch;59.2
Estonia;Europe;Spanish;31.6
Estonia;Europe;Spanish;87.7
Ethiopia;Africa;Dutch;5.3
Ethiopia;Africa;Spanish;7.4
Ethiopia;Africa;Greek;1.8
Ethiopia;Africa;Spanish;44.6
Ethiopia;Africa;Dutch;0.0
Ethiopia;Africa;Spanish;96.8
Ethiopia;Africa;Greek;1.6
Ethiopia;Africa;Dutch;59.2
Ethiopia;Africa;Spanish;31.6
Ethiopia;Africa;Spanish;87.7
Finland;Europe;Dutch;5.3
Finland;Europe;Spanish;7.4
Finland;Europe;Greek;1.8
Finland;Europe;Spanish;44.6
Finland;Europe;Dutch;0.0
Finland;Europe;Spanish;96.8
Finland;Europe;Greek;1.6
Finland;Europe;Dutch;59.2
Finland;Europe;Spanish;31.6
Finland;Europe;Spanish;87.7
Fiji Islands;Oceania;Dutch;5.3
Fiji Islands;Oceania;Spanish;7.4
Fiji Islands;Oceania;Greek;1.8
Fiji Islands;Oceania;Spanish;44.6
Fiji Islands;Oceania;Dutch;0.0
Fiji Islands;Oceania;Spanish;96.8
Fiji Islands;Oceania;Greek;1.6
Fiji Islands;Oceania;Dutch;59.2
Fiji Islands;Oceania;Spanish;31.6
Fiji Islands;Oceania;Spanish;87.7
Falkland Islands;South America;Dutch;5.3
Falkland Islands;South America;Spanish;7.4
Falkland Islands;South America;Greek;1.8
Falkland Islands;South America;Spanish;44.6
Falkland Islands;South America;Dutch;0.0
Falkland Islands;South America;Spanish;96.8
Falkland Islands;South America;Greek;1.6
Falkland Islands;South America;Dutch;59.2
Falkland Islands;South America;Spanish;31.6
Falkland Islands;South America;Spanish;87.7
France;Europe;Dutch;5.3
France;Europe;Spanish;7.4
France;Europe;Greek;1.8
France;Europe;Spanish;44.6
France;Europe;Dutch;0.0
France;Europe;Spanish;96.8
France;Europe;Greek;1.6
France;Europe;Dutch;59.2
France;Europe;Spanish;31.6
France;Europe;Spanish;87.7
Faroe Islands;Europe;Dutch;5.3
Faroe Islands;Europe;Spanish;7.4
Faroe Islands;Europe;Greek;1.8
Faroe Islands;Europe;Spanish;44.6
Faroe Islands;Europe;Dutch;0.0
Faroe Islands;Europe;Spanish;96.8
Faroe Islands;Europe;Greek;1.6
Faroe Islands;Europe;Dutch;59.2
Faroe Islands;Europe;Spanish;31.6
Faroe Islands;Europe;Spanish;87.7
Micronesia, Federated States of;Oceania;Dutch;5.3
Micronesia, Federated States of;Oceania;Spanish;7.4
Micronesia, Federated States of;Oceania;Greek;1.8
Micronesia, Federated States of;Oceania;Spanish;44.6
Micronesia, Federated States of;Oceania;Dutch;0.0
Micronesia, Federated States of;Oceania;Spanish;96.8
Micronesia, Federated States of;Oceania;Greek;1.6
Micronesia, Federated States of;Oceania;Dutch;59.2
Micronesia, Federated States of;Oceania;Spanish;31.6
Micronesia, Federated States of;Oceania;Spanish;87.7
Gabon;Africa;Dutch;5.3
Gabon;Africa;Spanish;7.4
Gabon;Africa;Greek;1.8
Gabon;Africa;Spanish;44.6
Gabon;Africa;Dutch;0.0
Gabon;Africa;Spanish;96.8
Gabon;Africa;Greek;1.6
Gabon;Africa;Dutch;59.2
Gabon;Africa;Spanish;31.6
Gabon;Africa;Spanish;87.7
United Kingdom;Europe;Dutch;5.3
United Kingdom;Europe;Spanish;7.4
United Kingdom;Europe;Greek;1.8
United Kingdom;Europe;Spanish;44.6
United Kingdom;Europe;Dutch;0.0
United Kingdom;Europe;Spanish;96.8
United Kingdom;Europe;Greek;1.6
United Kingdom;Europe;Dutch;59.2
United Kingdom;Europe;Spanish;31.6
United Kingdom;Europe;Spanish;87.7
Georgia;Asia;Dutch;5.3
Georgia;Asia;Spanish;7.4
Georgia;Asia;Greek;1.8
Georgia;Asia;Spanish;44.6
Georgia;Asia;Dutch;0.0
Georgia;Asia;Spanish;96.8
Georgia;Asia;Greek;1.6
Georgia;Asia;Dutch;59.2
Georgia;Asia;Spanish;31.6
Georgia;Asia;Spanish;87.7
Ghana;Africa;Dutch;5.3
Ghana;Africa;Spanish;7.4
Ghana;Africa;Greek;1.8
Ghana;Africa;Spanish;44.6
Ghana;Africa;Dutch;0.0
Ghana;Africa;Spanish;96.8
Ghana;Africa;Greek;1.6
Ghana;Africa;Dutch;59.2
Ghana;Africa;Spanish;31.6
Ghana;Africa;Spanish;87.7
Gibraltar;Europe;Dutch;5.3
Gibraltar;Europe;Spanish;7.4
Gibraltar;Europe;Greek;1.8
Gibraltar;Europe;Spanish;44.6
Gibraltar;Europe;Dutch;0.0
Gibraltar;Europe;Spanish;96.8
Gibraltar;Europe;Greek;1.6
Gibraltar;Europe;Dutch;59.2
Gibraltar;Europe;Spanish;31.6
Gibraltar;Europe;Spanish;87.7
Guinea;Africa;Dutch;5.3
Guinea;Africa;Spanish;7.4
Guinea;Africa;Greek;1.8
Guinea;Africa;Spanish;44.6
Guinea;Africa;Dutch;0.0
Guinea;Africa;Spanish;96.8
Guinea;Africa;Greek;1.6
Guinea;Africa;Dutch;59.2
Guinea;Africa;Spanish;31.6
Guinea;Africa;Spanish;87.7
Guadeloupe;North America;Dutch;5.3
Guadeloupe;North America;Spanish;7.4
Guadeloupe;North America;Greek;1.8
Guadeloupe;North America;Spanish;44.6
Guadeloupe;North America;Dutch;0.0
Guadeloupe;North America;Spanish;96.8
Guadeloupe;North America;Greek;1.6
Guadeloupe;North America;Dutch;59.2
Guadeloupe;North America;Spanish;31.6
Guadeloupe;North America;Spanish;87.7
Gambia;Africa;Dutch;5.3
Gambia;Africa;Spanish;7.4
Gambia;Africa;Greek;1.8
Gambia;Africa;Spanish;44.6
Gambia;Africa;Dutch;0.0
Gambia;Africa;Spanish;96.8
Gambia;Africa;Greek;1.6
Gambia;Africa;Dutch;59.2
Gambia;Africa;Spanish;31.6
Gambia;Africa;Spanish;87.7
Guinea-Bissau;Africa;Dutch;5.3
Guinea-Bissau;Africa;Spanish;7.4
Guinea-Bissau;Africa;Greek;1.8
Guinea-Bissau;Africa;Spanish;44.6
Guinea-Bissau;Africa;Dutch;0.0
Guinea-Bissau;Africa;Spanish;96.8
Guinea-Bissau;Africa;Greek;1.6
Guinea-Bissau;Africa;Dutch;59.2
Guinea-Bissau;Africa;Spanish;31.6
Guinea-Bissau;Africa;Spanish;87.7
Equatorial Guinea;Africa;Dutch;5.3
Equatorial Guinea;Africa;Spanish;7.4
Equatorial Guinea;Africa;Greek;1.8
Equatorial Guinea;Africa;Spanish;44.6
Equatorial Guinea;Africa;Dutch;0.0
Equatorial Guinea;Africa;Spanish;96.8
Equatorial Guinea;Africa;Greek;1.6
Equatorial Guinea;Africa;Dutch;59.2
Equatorial Guinea;Africa;Spanish;31.6
Equatorial Guinea;Africa;Spanish;87.7
Greece;Europe;Dutch;5.3
Greece;Europe;Spanish;7.4
Greece;Europe;Greek;1.8
Greece;Europe;Spanish;44.6
Greece;Europe;Dutch;0.0
Greece;Europe;Spanish;96.8
Greece;Europe;Greek;1.6
Greece;Europe;Dutch;59.2
Greece;Europe;Spanish;31.6
Greece;Europe;Spanish;87.7
Grenada;North America;Dutch;5.3
Grenada;North America;Spanish;7.4
Grenada;North America;Greek;1.8
Grenada;North America;Spanish;44.6
Grenada;North America;Dutch;0.0
Grenada;North America;Spanish;96.8
Grenada;North America;Greek;1.6
Grenada;North America;Dutch;59.2
Grenada;North America;Spanish;31.6
Grenada;North America;Spanish;87.7
Greenland;North America;Dutch;5.3
Greenland;North America;Spanish;7.4
Greenland;North America;Greek;1.8
Greenland;North America;Spanish;44.6
Greenland;North America;Dutch;0.0
Greenland;North America;Spanish;96.8
Greenland;North America;Greek;1.6
Greenland;North America;Dutch;59.2
Greenland;North America;Spanish;31.6
Greenland;North America;Spanish;87.7
Guatemala;North America;Dutch;5.3
Guatemala;North America;Spanish;7.4
Guatemala;North America;Greek;1.8
Guatemala;North America;Spanish;44.6
Guatemala;North America;Dutch;0.0
Guatemala;North America;Spanish;96.8
Guatemala;North America;Greek;1.6
Guatemala;North America;Dutch;59.2
Guatemala;North America;Spanish;31.6
Guatemala;North America;Spanish;87.7
French Guiana;South America;Dutch;5.3
French Guiana;South America;Spanish;7.4
French Guiana;South America;Greek;1.8
French Guiana;South America;Spanish;44.6
French Guiana;South America;Dutch;0.0
French Guiana;South America;Spanish;96.8
French Guiana;South America;Greek;1.6
French Guiana;South America;Dutch;59.2
French Guiana;South America;Spanish;31.6
French Guiana;South America;Spanish;87.7
Guam;Oceania;Dutch;5.3
Guam;Oceania;Spanish;7.4
Guam;Oceania;Greek;1.8
Guam;Oceania;Spanish;44.6
Guam;Oceania;Dutch;0.0
Guam;Oceania;Spanish;96.8
Guam;Oceania;Greek;1.6
Guam;Oceania;Dutch;59.2
Guam;Oceania;Spanish;31.6
Guam;Oceania;Spanish;87.7
Guyana;South America;Dutch;5.3
Guyana;South America;Spanish;7.4
Guyana;South America;Greek;1.8
Guyana;South America;Spanish;44.6
Guyana;South America;Dutch;0.0
Guyana;South America;Spanish;96.8
Guyana;South America;Greek;1.6
Guyana;South America;Dutch;59.2
Guyana;South America;Spanish;31.6
Guyana;South America;Spanish;87.7
Hong Kong;Asia;Dutch;5.3
Hong Kong;Asia;Spanish;7.4
Hong Kong;Asia;Greek;1.8
Hong Kong;Asia;Spanish;44.6
Hong Kong;Asia;Dutch;0.0
Hong Kong;Asia;Spanish;96.8
Hong Kong;Asia;Greek;1.6
Hong Kong;Asia;Dutch;59.2
Hong Kong;Asia;Spanish;31.6
Hong Kong;Asia;Spanish;87.7
Heard Island and McDonald Islands;Antarctica;Dutch;5.3
Heard Island and McDonald Islands;Antarctica;Spanish;7.4
Heard Island and McDonald Islands;Antarctica;Greek;1.8
Heard Island and McDonald Islands;Antarctica;Spanish;44.6
Heard Island and McDonald Islands;Antarctica;Dutch;0.0
Heard Island and McDonald Islands;Antarctica;Spanish;96.8
Heard Island and McDonald Islands;Antarctica;Greek;1.6
Heard Island and McDonald Islands;Antarctica;Dutch;59.2
Heard Island and McDonald Islands;Antarctica;Spanish;31.6
Heard Island and McDonald Islands;Antarctica;Spanish;87.7
Honduras;North America;Dutch;5.3
Honduras;North America;Spanish;7.4
Honduras;North America;Greek;1.8
Honduras;North America;Spanish;44.6
Honduras;North America;Dutch;0.0
Honduras;North America;Spanish;96.8
Honduras;North America;Greek;1.6
Honduras;North America;Dutch;59.2
Honduras;North America;Spanish;31.6
Honduras;North America;Spanish;87.7
Croatia;Europe;Dutch;5.3
Croatia;Europe;Spanish;7.4
Croatia;Europe;Greek;1.8
Croatia;Europe;Spanish;44.6
Croatia;Europe;Dutch;0.0
Croatia;Europe;Spanish;96.8
Croatia;Europe;Greek;1.6
Croatia;Europe;Dutch;59.2
Croatia;Europe;Spanish;31.6
Croatia;Europe;Spanish;87.7
Haiti;North America;Dutch;5.3
Haiti;North America;Spanish;7.4
Haiti;North America;Greek;1.8
Haiti;North America;Spanish;44.6
Haiti;North America;Dutch;0.0
Haiti;North America;Spanish;96.8
Haiti;North America;Greek;1.6
Haiti;North America;Dutch;59.2
Haiti;North America;Spanish;31.6
Haiti;North America;Spanish;87.7
Hungary;Europe;Dutch;5.3
Hungary;Europe;Spanish;7.4
Hungary;Europe;Greek;1.8
Hungary;Europe;Spanish;44.6
Hungary;Europe;Dutch;0.0
Hungary;Europe;Spanish;96.8
Hungary;Europe;Greek;1.6
Hungary;Europe;Dutch;59.2
Hungary;Europe;Spanish;31.6
Hungary;Europe;Spanish;87.7
Indonesia;Asia;Dutch;5.3
Indonesia;Asia;Spanish;7.4
Indonesia;Asia;Greek;1.8
Indonesia;Asia;Spanish;44.6
Indonesia;Asia;Dutch;0.0
Indonesia;Asia;Spanish;96.8
Indonesia;Asia;Greek;1.6
Indonesia;Asia;Dutch;59.2
Indonesia;Asia;Spanish;31.6
Indonesia;Asia;Spanish;87.7
India;Asia;Dutch;5.3
India;Asia;Spanish;7.4
India;Asia;Greek;1.8
India;Asia;Spanish;44.6
India;Asia;Dutch;0.0
India;Asia;Spanish;96.8
India;Asia;Greek;1.6
India;Asia;Dutch;59.2
India;Asia;Spanish;31.6
India;Asia;Spanish;87.7
British Indian Ocean Territory;Africa;Dutch;5.3
British Indian Ocean Territory;Africa;Spanish;7.4
British Indian Ocean Territory;Africa;Greek;1.8
British Indian Ocean Territory;Africa;Spanish;44.6
British Indian Ocean Territory;Africa;Dutch;0.0
British Indian Ocean Territory;Africa;Spanish;96.8
British Indian Ocean Territory;Africa;Greek;1.6
British Indian Ocean Territory;Africa;Dutch;59.2
British Indian Ocean Territory;Africa;Spanish;31.6
British Indian Ocean Territory;Africa;Spanish;87.7
Ireland;Europe;Dutch;5.3
Ireland;Europe;Spanish;7.4
Ireland;Europe;Greek;1.8
Ireland;Europe;Spanish;44.6
Ireland;Europe;Dutch;0.0
Ireland;Europe;Spanish;96.8
Ireland;Europe;Greek;1.6
Ireland;Europe;Dutch;59.2
Ireland;Europe;Spanish;31.6
Ireland;Europe;Spanish;87.7
Iran;Asia;Dutch;5.3
Iran;Asia;Spanish;7.4
Iran;Asia;Greek;1.8
Iran;Asia;Spanish;44.6
Iran;Asia;Dutch;0.0
Iran;Asia;Spanish;96.8
Iran;Asia;Greek;1.6
Iran;Asia;Dutch;59.2
Iran;Asia;Spanish;31.6
Iran;Asia;Spanish;87.7
Iraq;Asia;Dutch;5.3
Iraq;Asia;Spanish;7.4
Iraq;Asia;Greek;1.8
Iraq;Asia;Spanish;44.6
Iraq;Asia;Dutch;0.0
Iraq;Asia;Spanish;96.8
Iraq;Asia;Greek;1.6
Iraq;Asia;Dutch;59.2
Iraq;Asia;Spanish;31.6
Iraq;Asia;Spanish;87.7
Iceland;Europe;Dutch;5.3
Iceland;Europe;Spanish;7.4
Iceland;Europe;Greek;1.8
Iceland;Europe;Spanish;44.6
Iceland;Europe;Dutch;0.0
Iceland;Europe;Spanish;96.8
Iceland;Europe;Greek;1.6
Iceland;Europe;Dutch;59.2
Iceland;Europe;Spanish;31.6
Iceland;Europe;Spanish;87.7
Israel;Asia;Dutch;5.3
Israel;Asia;Spanish;7.4
Israel;Asia;Greek;1.8
Israel;Asia;Spanish;44.6
Israel;Asia;Dutch;0.0
Israel;Asia;Spanish;96.8
Israel;Asia;Greek;1.6
Israel;Asia;Dutch;59.2
Israel;Asia;Spanish;31.6
Israel;Asia;Spanish;87.7
Italy;Europe;Dutch;5.3
Italy;Europe;Spanish;7.4
Italy;Europe;Greek;1.8
Italy;Europe;Spanish;44.6
Italy;Europe;Dutch;0.0
Italy;Europe;Spanish;96.8
Italy;Europe;Greek;1.6
Italy;Europe;Dutch;59.2
Italy;Europe;Spanish;31.6
Italy;Europe;Spanish;87.7
Jamaica;North America;Dutch;5.3
Jamaica;North America;Spanish;7.4
Jamaica;North America;Greek;1.8
Jamaica;North America;Spanish;44.6
Jamaica;North America;Dutch;0.0
Jamaica;North America;Spanish;96.8
Jamaica;North America;Greek;1.6
Jamaica;North America;Dutch;59.2
Jamaica;North America;Spanish;31.6
Jamaica;North America;Spanish;87.7
Jordan;Asia;Dutch;5.3
Jordan;Asia;Spanish;7.4
Jordan;Asia;Greek;1.8
Jordan;Asia;Spanish;44.6
Jordan;Asia;Dutch;0.0
Jordan;Asia;Spanish;96.8
Jordan;Asia;Greek;1.6
Jordan;Asia;Dutch;59.2
Jordan;Asia;Spanish;31.6
Jordan;Asia;Spanish;87.7
Japan;Asia;Dutch;5.3
Japan;Asia;Spanish;7.4
Japan;Asia;Greek;1.8
Japan;Asia;Spanish;44.6
Japan;Asia;Dutch;0.0
Japan;Asia;Spanish;96.8
Japan;Asia;Greek;1.6
Japan;Asia;Dutch;59.2
Japan;Asia;Spanish;31.6
Japan;Asia;Spanish;87.7
Kazakstan;Asia;Dutch;5.3
Kazakstan;Asia;Spanish;7.4
Kazakstan;Asia;Greek;1.8
Kazakstan;Asia;Spanish;44.6
Kazakstan;Asia;Dutch;0.0
Kazakstan;Asia;Spanish;96.8
Kazakstan;Asia;Greek;1.6
Kazakstan;Asia;Dutch;59.2
Kazakstan;Asia;Spanish;31.6
Kazakstan;Asia;Spanish;87.7
Kenya;Africa;Dutch;5.3
Kenya;Africa;Spanish;7.4
Kenya;Africa;Greek;1.8
Kenya;Africa;Spanish;44.6
Kenya;Africa;Dutch;0.0
Kenya;Africa;Spanish;96.8
Kenya;Africa;Greek;1.6
Kenya;Africa;Dutch;59.2
Kenya;Africa;Spanish;31.6
Kenya;Africa;Spanish;87.7
Kyrgyzstan;Asia;Dutch;5.3
Kyrgyzstan;Asia;Spanish;7.4
Kyrgyzstan;Asia;Greek;1.8
Kyrgyzstan;Asia;Spanish;44.6
Kyrgyzstan;Asia;Dutch;0.0
Kyrgyzstan;Asia;Spanish;96.8
Kyrgyzstan;Asia;Greek;1.6
Kyrgyzstan;Asia;Dutch;59.2
Kyrgyzstan;Asia;Spanish;31.6
Kyrgyzstan;Asia;Spanish;87.7
Cambodia;Asia;Dutch;5.3
Cambodia;Asia;Spanish;7.4
Cambodia;Asia;Greek;1.8
Cambodia;Asia;Spanish;44.6
Cambodia;Asia;Dutch;0.0
Cambodia;Asia;Spanish;96.8
Cambodia;Asia;Greek;1.6
Cambodia;Asia;Dutch;59.2
Cambodia;Asia;Spanish;31.6
Cambodia;Asia;Spanish;87.7
Kiribati;Oceania;Dutch;5.3
Kiribati;Oceania;Spanish;7.4
Kiribati;Oceania;Greek;1.8
Kiribati;Oceania;Spanish;44.6
Kiribati;Oceania;Dutch;0.0
Kiribati;Oceania;Spanish;96.8
Kiribati;Oceania;Greek;1.6
Kiribati;Oceania;Dutch;59.2
Kiribati;Oceania;Spanish;31.6
Kiribati;Oceania;Spanish;87.7
Saint Kitts and Nevis;North America;Dutch;5.3
Saint Kitts and Nevis;North America;Spanish;7.4
Saint Kitts and Nevis;North America;Greek;1.8
Saint Kitts and Nevis;North America;Spanish;44.6
Saint Kitts and Nevis;North America;Dutch;0.0
Saint Kitts and Nevis;North America;Spanish;96.8
Saint Kitts and Nevis;North America;Greek;1.6
Saint Kitts and Nevis;North America;Dutch;59.2
Saint Kitts and Nevis;North America;Spanish;31.6
Saint Kitts and Nevis;North America;Spanish;87.7
South Korea;Asia;Dutch;5.3
South Korea;Asia;Spanish;7.4
South Korea;Asia;Greek;1.8
South Korea;Asia;Spanish;44.6
South Korea;Asia;Dutch;0.0
South Korea;Asia;Spanish;96.8
South Korea;Asia;Greek;1.6
South Korea;Asia;Dutch;59.2
South Korea;Asia;Spanish;31.6
South Korea;Asia;Spanish;87.7
Kuwait;Asia;Dutch;5.3
Kuwait;Asia;Spanish;7.4
Kuwait;Asia;Greek;1.8
Kuwait;Asia;Spanish;44.6
Kuwait;Asia;Dutch;0.0
Kuwait;Asia;Spanish;96.8
Kuwait;Asia;Greek;1.6
Kuwait;Asia;Dutch;59.2
Kuwait;Asia;Spanish;31.6
Kuwait;Asia;Spanish;87.7
Laos;Asia;Dutch;5.3
Laos;Asia;Spanish;7.4
Laos;Asia;Greek;1.8
Laos;Asia;Spanish;44.6
Laos;Asia;Dutch;0.0
Laos;Asia;Spanish;96.8
Laos;Asia;Greek;1.6
Laos;Asia;Dutch;59.2
Laos;Asia;Spanish;31.6
Laos;Asia;Spanish;87.7
Lebanon;Asia;Dutch;5.3
Lebanon;Asia;Spanish;7.4
Lebanon;Asia;Greek;1.8
Lebanon;Asia;Spanish;44.6
Lebanon;Asia;Dutch;0.0
Lebanon;Asia;Spanish;96.8
Lebanon;Asia;Greek;1.6
Lebanon;Asia;Dutch;59.2
Lebanon;Asia;Spanish;31.6
Lebanon;Asia;Spanish;87.7
Liberia;Africa;Dutch;5.3
Liberia;Africa;Spanish;7.4
Liberia;Africa;Greek;1.8
Liberia;Africa;Spanish;44.6
Liberia;Africa;Dutch;0.0
Liberia;Africa;Spanish;96.8
Liberia;Africa;Greek;1.6
Liberia;Africa;Dutch;59.2
Liberia;Africa;Spanish;31.6
Liberia;Africa;Spanish;87.7
Libyan Arab Jamahiriya;Africa;Dutch;5.3
Libyan Arab Jamahiriya;Africa;Spanish;7.4
Libyan Arab Jamahiriya;Africa;Greek;1.8
Libyan Arab Jamahiriya;Africa;Spanish;44.6
Libyan Arab Jamahiriya;Africa;Dutch;0.0
Libyan Arab Jamahiriya;Africa;Spanish;96.8
Libyan Arab Jamahiriya;Africa;Greek;1.6
Libyan Arab Jamahiriya;Africa;Dutch;59.2
Libyan Arab Jamahiriya;Africa;Spanish;31.6
Libyan Arab Jamahiriya;Africa;Spanish;87.7
Saint Lucia;North America;Dutch;5.3
Saint Lucia;North America;Spanish;7.4
Saint Lucia;North America;Greek;1.8
Saint Lucia;North America;Spanish;44.6
Saint Lucia;North America;Dutch;0.0
Saint Lucia;North America;Spanish;96.8
Saint Lucia;North America;Greek;1.6
Saint Lucia;North America;Dutch;59.2
Saint Lucia;North America;Spanish;31.6
Saint Lucia;North America;Spanish;87.7
Liechtenstein;Europe;Dutch;5.3
Liechtenstein;Europe;Spanish;7.4
Liechtenstein;Europe;Greek;1.8
Liechtenstein;Europe;Spanish;44.6
Liechtenstein;Europe;Dutch;0.0
Liechtenstein;Europe;Spanish;96.8
Liechtenstein;Europe;Greek;1.6
Liechtenstein;Europe;Dutch;59.2
Liechtenstein;Europe;Spanish;31.6
Liechtenstein;Europe;Spanish;87.7
Sri Lanka;Asia;Dutch;5.3
Sri Lanka;Asia;Spanish;7.4
Sri Lanka;Asia;Greek;1.8
Sri Lanka;Asia;Spanish;44.6
Sri Lanka;Asia;Dutch;0.0
Sri Lanka;Asia;Spanish;96.8
Sri Lanka;Asia;Greek;1.6
Sri Lanka;Asia;Dutch;59.2
Sri Lanka;Asia;Spanish;31.6
Sri Lanka;Asia;Spanish;87.7
Lesotho;Africa;Dutch;5.3
Lesotho;Africa;Spanish;7.4
Lesotho;Africa;Greek;1.8
Lesotho;Africa;Spanish;44.6
Lesotho;Africa;Dutch;0.0
Lesotho;Africa;Spanish;96.8
Lesotho;Africa;Greek;1.6
Lesotho;Africa;Dutch;59.2
Lesotho;Africa;Spanish;31.6
Lesotho;Africa;Spanish;87.7
Lithuania;Europe;Dutch;5.3
Lithuania;Europe;Spanish;7.4
Lithuania;Europe;Greek;1.8
Lithuania;Europe;Spanish;44.6
Lithuania;Europe;Dutch;0.0
Lithuania;Europe;Spanish;96.8
Lithuania;Europe;Greek;1.6
Lithuania;Europe;Dutch;59.2
Lithuania;Europe;Spanish;31.6
Lithuania;Europe;Spanish;87.7
Luxembourg;Europe;Dutch;5.3
Luxembourg;Europe;Spanish;7.4
Luxembourg;Europe;Greek;1.8
Luxembourg;Europe;Spanish;44.6
Luxembourg;Europe;Dutch;0.0
Luxembourg;Europe;Spanish;96.8
Luxembourg;Europe;Greek;1.6
Luxembourg;Europe;Dutch;59.2
Luxembourg;Europe;Spanish;31.6
Luxembourg;Europe;Spanish;87.7
Latvia;Europe;Dutch;5.3
Latvia;Europe;Spanish;7.4
Latvia;Europe;Greek;1.8
Latvia;Europe;Spanish;44.6
Latvia;Europe;Dutch;0.0
Latvia;Europe;Spanish;96.8
Latvia;Europe;Greek;1.6
Latvia;Europe;Dutch;59.2
Latvia;Europe;Spanish;31.6
Latvia;Europe;Spanish;87.7
Macao;Asia;Dutch;5.3
Macao;Asia;Spanish;7.4
Macao;Asia;Greek;1.8
Macao;Asia;Spanish;44.6
Macao;Asia;Dutch;0.0
Macao;Asia;Spanish;96.8
Macao;Asia;Greek;1.6
Macao;Asia;Dutch;59.2
Macao;Asia;Spanish;31.6
Macao;Asia;Spanish;87.7
Morocco;Africa;Dutch;5.3
Morocco;Africa;Spanish;7.4
Morocco;Africa;Greek;1.8
Morocco;Africa;Spanish;44.6
Morocco;Africa;Dutch;0.0
Morocco;Africa;Spanish;96.8
Morocco;Africa;Greek;1.6
Morocco;Africa;Dutch;59.2
Morocco;Africa;Spanish;31.6
Morocco;Africa;Spanish;87.7
Monaco;Europe;Dutch;5.3
Monaco;Europe;Spanish;7.4
Monaco;Europe;Greek;1.8
Monaco;Europe;Spanish;44.6
Monaco;Europe;Dutch;0.0
Monaco;Europe;Spanish;96.8
Monaco;Europe;Greek;1.6
Monaco;Europe;Dutch;59.2
Monaco;Europe;Spanish;31.6
Monaco;Europe;Spanish;87.7
Moldova;Europe;Dutch;5.3
Moldova;Europe;Spanish;7.4
Moldova;Europe;Greek;1.8
Moldova;Europe;Spanish;44.6
Moldova;Europe;Dutch;0.0
Moldova;Europe;Spanish;96.8
Moldova;Europe;Greek;1.6
Moldova;Europe;Dutch;59.2
Moldova;Europe;Spanish;31.6
Moldova;Europe;Spanish;87.7
Madagascar;Africa;Dutch;5.3
Madagascar;Africa;Spanish;7.4
Madagascar;Africa;Greek;1.8
Madagascar;Africa;Spanish;44.6
Madagascar;Africa;Dutch;0.0
Madagascar;Africa;Spanish;96.8
Madagascar;Africa;Greek;1.6
Madagascar;Africa;Dutch;59.2
Madagascar;Africa;Spanish;31.6
Madagascar;Africa;Spanish;87.7
Maldives;Asia;Dutch;5.3
Maldives;Asia;Spanish;7.4
Maldives;Asia;Greek;1.8
Maldives;Asia;Spanish;44.6
Maldives;Asia;Dutch;0.0
Maldives;Asia;Spanish;96.8
Maldives;Asia;Greek;1.6
Maldives;Asia;Dutch;59.2
Maldives;Asia;Spanish;31.6
Maldives;Asia;Spanish;87.7
Mexico;North America;Dutch;5.3
Mexico;North America;Spanish;7.4
Mexico;North America;Greek;1.8
Mexico;North America;Spanish;44.6
Mexico;North America;Dutch;0.0
Mexico;North America;Spanish;96.8
Mexico;North America;Greek;1.6
Mexico;North America;Dutch;59.2
Mexico;North America;Spanish;31.6
Mexico;North America;Spanish;87.7
Marshall Islands;Oceania;Dutch;5.3
Marshall Islands;Oceania;Spanish;7.4
Marshall Islands;Oceania;Greek;1.8
Marshall Islands;Oceania;Spanish;44.6
Marshall Islands;Oceania;Dutch;0.0
Marshall Islands;Oceania;Spanish;96.8
Marshall Islands;Oceania;Greek;1.6
Marshall Islands;Oceania;Dutch;59.2
Marshall Islands;Oceania;Spanish;31.6
Marshall Islands;Oceania;Spanish;87.7
Macedonia;Europe;Dutch;5.3
Macedonia;Europe;Spanish;7.4
Macedonia;Europe;Greek;1.8
Macedonia;Europe;Spanish;44.6
Macedonia;Europe;Dutch;0.0
Macedonia;Europe;Spanish;96.8
Macedonia;Europe;Greek;1.6
Macedonia;Europe;Dutch;59.2
Macedonia;Europe;Spanish;31.6
Macedonia;Europe;Spanish;87.7
Mali;Africa;Dutch;5.3
Mali;Africa;Spanish;7.4
Mali;Africa;Greek;1.8
Mali;Africa;Spanish;44.6
Mali;Africa;Dutch;0.0
Mali;Africa;Spanish;96.8
Mali;Africa;Greek;1.6
Mali;Africa;Dutch;59.2
Mali;Africa;Spanish;31.6
Mali;Africa;Spanish;87.7
Malta;Europe;Dutch;5.3
Malta;Europe;Spanish;7.4
Malta;Europe;Greek;1.8
Malta;Europe;Spanish;44.6
Malta;Europe;Dutch;0.0
Malta;Europe;Spanish;96.8
Malta;Europe;Greek;1.6
Malta;Europe;Dutch;59.2
Malta;Europe;Spanish;31.6
Malta;Europe;Spanish;87.7
Myanmar;Asia;Dutch;5.3
Myanmar;Asia;Spanish;7.4
Myanmar;Asia;Greek;1.8
Myanmar;Asia;Spanish;44.6
Myanmar;Asia;Dutch;0.0
Myanmar;Asia;Spanish;96.8
Myanmar;Asia;Greek;1.6
Myanmar;Asia;Dutch;59.2
Myanmar;Asia;Spanish;31.6
Myanmar;Asia;Spanish;87.7
Mongolia;Asia;Dutch;5.3
Mongolia;Asia;Spanish;7.4
Mongolia;Asia;Greek;1.8
Mongolia;Asia;Spanish;44.6
Mongolia;Asia;Dutch;0.0
Mongolia;Asia;Spanish;96.8
Mongolia;Asia;Greek;1.6
Mongolia;Asia;Dutch;59.2
Mongolia;Asia;Spanish;31.6
Mongolia;Asia;Spanish;87.7
Northern Mariana Islands;Oceania;Dutch;5.3
Northern Mariana Islands;Oceania;Spanish;7.4
Northern Mariana Islands;Oceania;Greek;1.8
Northern Mariana Islands;Oceania;Spanish;44.6
Northern Mariana Islands;Oceania;Dutch;0.0
Northern Mariana Islands;Oceania;Spanish;96.8
Northern Mariana Islands;Oceania;Greek;1.6
Northern Mariana Islands;Oceania;Dutch;59.2
Northern Mariana Islands;Oceania;Spanish;31.6
Northern Mariana Islands;Oceania;Spanish;87.7
Mozambique;Africa;Dutch;5.3
Mozambique;Africa;Spanish;7.4
Mozambique;Africa;Greek;1.8
Mozambique;Africa;Spanish;44.6
Mozambique;Africa;Dutch;0.0
Mozambique;Africa;Spanish;96.8
Mozambique;Africa;Greek;1.6
Mozambique;Africa;Dutch;59.2
Mozambique;Africa;Spanish;31.6
Mozambique;Africa;Spanish;87.7
Mauritania;Africa;Dutch;5.3
Mauritania;Africa;Spanish;7.4
Mauritania;Africa;Greek;1.8
Mauritania;Africa;Spanish;44.6
Mauritania;Africa;Dutch;0.0
Mauritania;Africa;Spanish;96.8
Mauritania;Africa;Greek;1.6
Mauritania;Africa;Dutch;59.2
Mauritania;Africa;Spanish;31.6
Mauritania;Africa;Spanish;87.7
Montserrat;North America;Dutch;5.3
Montserrat;North America;Spanish;7.4
Montserrat;North America;Greek;1.8
Montserrat;North America;Spanish;44.6
Montserrat;North America;Dutch;0.0
Montserrat;North America;Spanish;96.8
Montserrat;North America;Greek;1.6
Montserrat;North America;Dutch;59.2
Montserrat;North America;Spanish;31.6
Montserrat;North America;Spanish;87.7
Martinique;North America;Dutch;5.3
Martinique;North America;Spanish;7.4
Martinique;North America;Greek;1.8
Martinique;North America;Spanish;44.6
Martinique;North America;Dutch;0.0
Martinique;North America;Spanish;96.8
Martinique;North America;Greek;1.6
Martinique;North America;Dutch;59.2
Martinique;North America;Spanish;31.6
Martinique;North America;Spanish;87.7
Mauritius;Africa;Dutch;5.3
Mauritius;Africa;Spanish;7.4
Mauritius;Africa;Greek;1.8
Mauritius;Africa;Spanish;44.6
Mauritius;Africa;Dutch;0.0
Mauritius;Africa;Spanish;96.8
Mauritius;Africa;Greek;1.6
Mauritius;Africa;Dutch;59.2
Mauritius;Africa;Spanish;31.6
Mauritius;Africa;Spanish;87.7
Malawi;Africa;Dutch;5.3
Malawi;Africa;Spanish;7.4
Malawi;Africa;Greek;1.8
Malawi;Africa;Spanish;44.6
Malawi;Africa;Dutch;0.0
Malawi;Africa;Spanish;96.8
Malawi;Africa;Greek;1.6
Malawi;Africa;Dutch;59.2
Malawi;Africa;Spanish;31.6
Malawi;Africa;Spanish;87.7
Malaysia;Asia;Dutch;5.3
Malaysia;Asia;Spanish;7.4
Malaysia;Asia;Greek;1.8
Malaysia;Asia;Spanish;44.6
Malaysia;Asia;Dutch;0.0
Malaysia;Asia;Spanish;96.8
Malaysia;Asia;Greek;1.6
Malaysia;Asia;Dutch;59.2
Malaysia;Asia;Spanish;31.6
Malaysia;Asia;Spanish;87.7
Mayotte;Africa;Dutch;5.3
Mayotte;Africa;Spanish;7.4
Mayotte;Africa;Greek;1.8
Mayotte;Africa;Spanish;44.6
Mayotte;Africa;Dutch;0.0
Mayotte;Africa;Spanish;96.8
Mayotte;Africa;Greek;1.6
Mayotte;Africa;Dutch;59.2
Mayotte;Africa;Spanish;31.6
Mayotte;Africa;Spanish;87.7
Namibia;Africa;Dutch;5.3
Namibia;Africa;Spanish;7.4
Namibia;Africa;Greek;1.8
Namibia;Africa;Spanish;44.6
Namibia;Africa;Dutch;0.0
Namibia;Africa;Spanish;96.8
Namibia;Africa;Greek;1.6
Namibia;Africa;Dutch;59.2
Namibia;Africa;Spanish;31.6
Namibia;Africa;Spanish;87.7
New Caledonia;Oceania;Dutch;5.3
New Caledonia;Oceania;Spanish;7.4
New Caledonia;Oceania;Greek;1.8
New Caledonia;Oceania;Spanish;44.6
New Caledonia;Oceania;Dutch;0.0
New Caledonia;Oceania;Spanish;96.8
New Caledonia;Oceania;Greek;1.6
New Caledonia;Oceania;Dutch;59.2
New Caledonia;Oceania;Spanish;31.6
New Caledonia;Oceania;Spanish;87.7
Niger;Africa;Dutch;5.3
Niger;Africa;Spanish;7.4
Niger;Africa;Greek;1.8
Niger;Africa;Spanish;44.6
Niger;Africa;Dutch;0.0
Niger;Africa;Spanish;96.8
Niger;Africa;Greek;1.6
Niger;Africa;Dutch;59.2
Niger;Africa;Spanish;31.6
Niger;Africa;Spanish;87.7
Norfolk Island;Oceania;Dutch;5.3
Norfolk Island;Oceania;Spanish;7.4
Norfolk Island;Oceania;Greek;1.8
Norfolk Island;Oceania;Spanish;44.6
Norfolk Island;Oceania;Dutch;0.0
Norfolk Island;Oceania;Spanish;96.8
Norfolk Island;Oceania;Greek;1.6
Norfolk Island;Oceania;Dutch;59.2
Norfolk Island;Oceania;Spanish;31.6
Norfolk Island;Oceania;Spanish;87.7
Nigeria;Africa;Dutch;5.3
Nigeria;Africa;Spanish;7.4
Nigeria;Africa;Greek;1.8
Nigeria;Africa;Spanish;44.6
Nigeria;Africa;Dutch;0.0
Nigeria;Africa;Spanish;96.8
Nigeria;Africa;Greek;1.6
Nigeria;Africa;Dutch;59.2
Nigeria;Africa;Spanish;31.6
Nigeria;Africa;Spanish;87.7
Nicaragua;North America;Dutch;5.3
Nicaragua;North America;Spanish;7.4
Nicaragua;North America;Greek;1.8
Nicaragua;North America;Spanish;44.6
Nicaragua;North America;Dutch;0.0
Nicaragua;North America;Spanish;96.8
Nicaragua;North America;Greek;1.6
Nicaragua;North America;Dutch;59.2
Nicaragua;North America;Spanish;31.6
Nicaragua;North America;Spanish;87.7
Niue;Oceania;Dutch;5.3
Niue;Oceania;Spanish;7.4
Niue;Oceania;Greek;1.8
Niue;Oceania;Spanish;44.6
Niue;Oceania;Dutch;0.0
Niue;Oceania;Spanish;96.8
Niue;Oceania;Greek;1.6
Niue;Oceania;Dutch;59.2
Niue;Oceania;Spanish;31.6
Niue;Oceania;Spanish;87.7
Netherlands;Europe;Dutch;5.3
Netherlands;Europe;Spanish;7.4
Netherlands;Europe;Greek;1.8
Netherlands;Europe;Spanish;44.6
Netherlands;Europe;Dutch;0.0
Netherlands;Europe;Spanish;96.8
Netherlands;Europe;Greek;1.6
Netherlands;Europe;Dutch;59.2
Netherlands;Europe;Spanish;31.6
Netherlands;Europe;Spanish;87.7
Norway;Europe;Dutch;5.3
Norway;Europe;Spanish;7.4
Norway;Europe;Greek;1.8
Norway;Europe;Spanish;44.6
Norway;Europe;Dutch;0.0
Norway;Europe;Spanish;96.8
Norway;Europe;Greek;1.6
Norway;Europe;Dutch;59.2
Norway;Europe;Spanish;31.6
Norway;Europe;Spanish;87.7
Nepal;Asia;Dutch;5.3
Nepal;Asia;Spanish;7.4
Nepal;Asia;Greek;1.8
Nepal;Asia;Spanish;44.6
Nepal;Asia;Dutch;0.0
Nepal;Asia;Spanish;96.8
Nepal;Asia;Greek;1.6
Nepal;Asia;Dutch;59.2
Nepal;Asia;Spanish;31.6
Nepal;Asia;Spanish;87.7
Nauru;Oceania;Dutch;5.3
Nauru;Oceania;Spanish;7.4
Nauru;Oceania;Greek;1.8
Nauru;Oceania;Spanish;44.6
Nauru;Oceania;Dutch;0.0
Nauru;Oceania;Spanish;96.8
Nauru;Oceania;Greek;1.6
Nauru;Oceania;Dutch;59.2
Nauru;Oceania;Spanish;31.6
Nauru;Oceania;Spanish;87.7
New Zealand;Oceania;Dutch;5.3
New Zealand;Oceania;Spanish;7.4
New Zealand;Oceania;Greek;1.8
New Zealand;Oceania;Spanish;44.6
New Zealand;Oceania;Dutch;0.0
New Zealand;Oceania;Spanish;96.8
New Zealand;Oceania;Greek;1.6
New Zealand;Oceania;Dutch;59.2
New Zealand;Oceania;Spanish;31.6
New Zealand;Oceania;Spanish;87.7
Oman;Asia;Dutch;5.3
Oman;Asia;Spanish;7.4
Oman;Asia;Greek;1.8
Oman;Asia;Spanish;44.6
Oman;Asia;Dutch;0.0
Oman;Asia;Spanish;96.8
Oman;Asia;Greek;1.6
Oman;Asia;Dutch;59.2
Oman;Asia;Spanish;31.6
Oman;Asia;Spanish;87.7
Pakistan;Asia;Dutch;5.3
Pakistan;Asia;Spanish;7.4
Pakistan;Asia;Greek;1.8
Pakistan;Asia;Spanish;44.6
Pakistan;Asia;Dutch;0.0
Pakistan;Asia;Spanish;96.8
Pakistan;Asia;Greek;1.6
Pakistan;Asia;Dutch;59.2
Pakistan;Asia;Spanish;31.6
Pakistan;Asia;Spanish;87.7
Panama;North America;Dutch;5.3
Panama;North America;Spanish;7.4
Panama;North America;Greek;1.8
Panama;North America;Spanish;44.6
Panama;North America;Dutch;0.0
Panama;North America;Spanish;96.8
Panama;North America;Greek;1.6
Panama;North America;Dutch;59.2
Panama;North America;Spanish;31.6
Panama;North America;Spanish;87.7
Pitcairn;Oceania;Dutch;5.3
Pitcairn;Oceania;Spanish;7.4
Pitcairn;Oceania;Greek;1.8
Pitcairn;Oceania;Spanish;44.6
Pitcairn;Oceania;Dutch;0.0
Pitcairn;Oceania;Spanish;96.8
Pitcairn;Oceania;Greek;1.6
Pitcairn;Oceania;Dutch;59.2
Pitcairn;Oceania;Spanish;31.6
Pitcairn;Oceania;Spanish;87.7
Peru;South America;Dutch;5.3
Peru;South America;Spanish;7.4
Peru;South America;Greek;1.8
Peru;South America;Spanish;44.6
Peru;South America;Dutch;0.0
Peru;South America;Spanish;96.8
Peru;South America;Greek;1.6
Peru;South America;Dutch;59.2
Peru;South America;Spanish;31.6
Peru;South America;Spanish;87.7
Philippines;Asia;Dutch;5.3
Philippines;Asia;Spanish;7.4
Philippines;Asia;Greek;1.8
Philippines;Asia;Spanish;44.6
Philippines;Asia;Dutch;0.0
Philippines;Asia;Spanish;96.8
Philippines;Asia;Greek;1.6
Philippines;Asia;Dutch;59.2
Philippines;Asia;Spanish;31.6
Philippines;Asia;Spanish;87.7
Palau;Oceania;Dutch;5.3
Palau;Oceania;Spanish;7.4
Palau;Oceania;Greek;1.8
Palau;Oceania;Spanish;44.6
Palau;Oceania;Dutch;0.0
Palau;Oceania;Spanish;96.8
Palau;Oceania;Greek;1.6
Palau;Oceania;Dutch;59.2
Palau;Oceania;Spanish;31.6
Palau;Oceania;Spanish;87.7
Papua New Guinea;Oceania;Dutch;5.3
Papua New Guinea;Oceania;Spanish;7.4
Papua New Guinea;Oceania;Greek;1.8
Papua New Guinea;Oceania;Spanish;44.6
Papua New Guinea;Oceania;Dutch;0.0
Papua New Guinea;Oceania;Spanish;96.8
Papua New Guinea;Oceania;Greek;1.6
Papua New Guinea;Oceania;Dutch;59.2
Papua New Guinea;Oceania;Spanish;31.6
Papua New Guinea;Oceania;Spanish;87.7
Poland;Europe;Dutch;5.3
Poland;Europe;Spanish;7.4
Poland;Europe;Greek;1.8
Poland;Europe;Spanish;44.6
Poland;Europe;Dutch;0.0
Poland;Europe;Spanish;96.8
Poland;Europe;Greek;1.6
Poland;Europe;Dutch;59.2
Poland;Europe;Spanish;31.6
Poland;Europe;Spanish;87.7
Puerto Rico;North America;Dutch;5.3
Puerto Rico;North America;Spanish;7.4
Puerto Rico;North America;Greek;1.8
Puerto Rico;North America;Spanish;44.6
Puerto Rico;North America;Dutch;0.0
Puerto Rico;North America;Spanish;96.8
Puerto Rico;North America;Greek;1.6
Puerto Rico;North America;Dutch;59.2
Puerto Rico;North America;Spanish;31.6
Puerto Rico;North America;Spanish;87.7
North Korea;Asia;Dutch;5.3
North Korea;Asia;Spanish;7.4
North Korea;Asia;Greek;1.8
North Korea;Asia;Spanish;44.6
North Korea;Asia;Dutch;0.0
North Korea;Asia;Spanish;96.8
North Korea;Asia;Greek;1.6
North Korea;Asia;Dutch;59.2
North Korea;Asia;Spanish;31.6
North Korea;Asia;Spanish;87.7
Portugal;Europe;Dutch;5.3
Portugal;Europe;Spanish;7.4
Portugal;Europe;Greek;1.8
Portugal;Europe;Spanish;44.6
Portugal;Europe;Dutch;0.0
Portugal;Europe;Spanish;96.8
Portugal;Europe;Greek;1.6
Portugal;Europe;Dutch;59.2
Portugal;Europe;Spanish;31.6
Portugal;Europe;Spanish;87.7
Paraguay;South America;Dutch;5.3
Paraguay;South America;Spanish;7.4
Paraguay;South America;Greek;1.8
Paraguay;South America;Spanish;44.6
Paraguay;South America;Dutch;0.0
Paraguay;South America;Spanish;96.8
Paraguay;South America;Greek;1.6
Paraguay;South America;Dutch;59.2
Paraguay;South America;Spanish;31.6
Paraguay;South America;Spanish;87.7
Palestine;Asia;Dutch;5.3
Palestine;Asia;Spanish;7.4
Palestine;Asia;Greek;1.8
Palestine;Asia;Spanish;44.6
Palestine;Asia;Dutch;0.0
Palestine;Asia;Spanish;96.8
Palestine;Asia;Greek;1.6
Palestine;Asia;Dutch;59.2
Palestine;Asia;Spanish;31.6
Palestine;Asia;Spanish;87.7
French Polynesia;Oceania;Dutch;5.3
French Polynesia;Oceania;Spanish;7.4
French Polynesia;Oceania;Greek;1.8
French Polynesia;Oceania;Spanish;44.6
French Polynesia;Oceania;Dutch;0.0
French Polynesia;Oceania;Spanish;96.8
French Polynesia;Oceania;Greek;1.6
French Polynesia;Oceania;Dutch;59.2
French Polynesia;Oceania;Spanish;31.6
French Polynesia;Oceania;Spanish;87.7
Qatar;Asia;Dutch;5.3
Qatar;Asia;Spanish;7.4
Qatar;Asia;Greek;1.8
Qatar;Asia;Spanish;44.6
Qatar;Asia;Dutch;0.0
Qatar;Asia;Spanish;96.8
Qatar;Asia;Greek;1.6
Qatar;Asia;Dutch;59.2
Qatar;Asia;Spanish;31.6
Qatar;Asia;Spanish;87.7
Réunion;Africa;Dutch;5.3
Réunion;Africa;Spanish;7.4
Réunion;Africa;Greek;1.8
Réunion;Africa;Spanish;44.6
Réunion;Africa;Dutch;0.0
Réunion;Africa;Spanish;96.8
Réunion;Africa;Greek;1.6
Réunion;Africa;Dutch;59.2
Réunion;Africa;Spanish;31.6
Réunion;Africa;Spanish;87.7
Romania;Europe;Dutch;5.3
Romania;Europe;Spanish;7.4
Romania;Europe;Greek;1.8
Romania;Europe;Spanish;44.6
Romania;Europe;Dutch;0.0
Romania;Europe;Spanish;96.8
Romania;Europe;Greek;1.6
Romania;Europe;Dutch;59.2
Romania;Europe;Spanish;31.6
Romania;Europe;Spanish;87.7
Russian Federation;Europe;Dutch;5.3
Russian Federation;Europe;Spanish;7.4
Russian Federation;Europe;Greek;1.8
Russian Federation;Europe;Spanish;44.6
Russian Federation;Europe;Dutch;0.0
Russian Federation;Europe;Spanish;96.8
Russian Federation;Europe;Greek;1.6
Russian Federation;Europe;Dutch;59.2
Russian Federation;Europe;Spanish;31.6
Russian Federation;Europe;Spanish;87.7
Rwanda;Africa;Dutch;5.3
Rwanda;Africa;Spanish;7.4
Rwanda;Africa;Greek;1.8
Rwanda;Africa;Spanish;44.6
Rwanda;Africa;Dutch;0.0
Rwanda;Africa;Spanish;96.8
Rwanda;Africa;Greek;1.6
Rwanda;Africa;Dutch;59.2
Rwanda;Africa;Spanish;31.6
Rwanda;Africa;Spanish;87.7
Saudi Arabia;Asia;Dutch;5.3
Saudi Arabia;Asia;Spanish;7.4
Saudi Arabia;Asia;Greek;1.8
Saudi Arabia;Asia;Spanish;44.6
Saudi Arabia;Asia;Dutch;0.0
Saudi Arabia;Asia;Spanish;96.8
Saudi Arabia;Asia;Greek;1.6
Saudi Arabia;Asia;Dutch;59.2
Saudi Arabia;Asia;Spanish;31.6
Saudi Arabia;Asia;Spanish;87.7
Sudan;Africa;Dutch;5.3
Sudan;Africa;Spanish;7.4
Sudan;Africa;Greek;1.8
Sudan;Africa;Spanish;44.6
Sudan;Africa;Dutch;0.0
Sudan;Africa;Spanish;96.8
Sudan;Africa;Greek;1.6
Sudan;Africa;Dutch;59.2
Sudan;Africa;Spanish;31.6
Sudan;Africa;Spanish;87.7
Senegal;Africa;Dutch;5.3
Senegal;Africa;Spanish;7.4
Senegal;Africa;Greek;1.8
Senegal;Africa;Spanish;44.6
Senegal;Africa;Dutch;0.0
Senegal;Africa;Spanish;96.8
Senegal;Africa;Greek;1.6
Senegal;Africa;Dutch;59.2
Senegal;Africa;Spanish;31.6
Senegal;Africa;Spanish;87.7
Singapore;Asia;Dutch;5.3
Singapore;Asia;Spanish;7.4
Singapore;Asia;Greek;1.8
Singapore;Asia;Spanish;44.6
Singapore;Asia;Dutch;0.0
Singapore;Asia;Spanish;96.8
Singapore;Asia;Greek;1.6
Singapore;Asia;Dutch;59.2
Singapore;Asia;Spanish;31.6
Singapore;Asia;Spanish;87.7
South Georgia and the South Sandwich Islands;Antarctica;Dutch;5.3
South Georgia and the South Sandwich Islands;Antarctica;Spanish;7.4
South Georgia and the South Sandwich Islands;Antarctica;Greek;1.8
South Georgia and the South Sandwich Islands;Antarctica;Spanish;44.6
South Georgia and the South Sandwich Islands;Antarctica;Dutch;0.0
South Georgia and the South Sandwich Islands;Antarctica;Spanish;96.8
South Georgia and the South Sandwich Islands;Antarctica;Greek;1.6
South Georgia and the South Sandwich Islands;Antarctica;Dutch;59.2
South Georgia and the South Sandwich Islands;Antarctica;Spanish;31.6
South Georgia and the South Sandwich Islands;Antarctica;Spanish;87.7
Saint Helena;Africa;Dutch;5.3
Saint Helena;Africa;Spanish;7.4
Saint Helena;Africa;Greek;1.8
Saint Helena;Africa;Spanish;44.6
Saint Helena;Africa;Dutch;0.0
Saint Helena;Africa;Spanish;96.8
Saint Helena;Africa;Greek;1.6
Saint Helena;Africa;Dutch;59.2
Saint Helena;Africa;Spanish;31.6
Saint Helena;Africa;Spanish;87.7
Svalbard and Jan Mayen;Europe;Dutch;5.3
Svalbard and Jan Mayen;Europe;Spanish;7.4
Svalbard and Jan Mayen;Europe;Greek;1.8
Svalbard and Jan Mayen;Europe;Spanish;44.6
Svalbard and Jan Mayen;Europe;Dutch;0.0
Svalbard and Jan Mayen;Europe;Spanish;96.8
Svalbard and Jan Mayen;Europe;Greek;1.6
Svalbard and Jan Mayen;Europe;Dutch;59.2
Svalbard and Jan Mayen;Europe;Spanish;31.6
Svalbard and Jan Mayen;Europe;Spanish;87.7
Solomon Islands;Oceania;Dutch;5.3
Solomon Islands;Oceania;Spanish;7.4
Solomon Islands;Oceania;Greek;1.8
Solomon Islands;Oceania;Spanish;44.6
Solomon Islands;Oceania;Dutch;0.0
Solomon Islands;Oceania;Spanish;96.8
Solomon Islands;Oceania;Greek;1.6
Solomon Islands;Oceania;Dutch;59.2
Solomon Islands;Oceania;Spanish;31.6
Solomon Islands;Oceania;Spanish;87.7
Sierra Leone;Africa;Dutch;5.3
Sierra Leone;Africa;Spanish;7.4
Sierra Leone;Africa;Greek;1.8
Sierra Leone;Africa;Spanish;44.6
Sierra Leone;Africa;Dutch;0.0
Sierra Leone;Africa;Spanish;96.8
Sierra Leone;Africa;Greek;1.6
Sierra Leone;Africa;Dutch;59.2
Sierra Leone;Africa;Spanish;31.6
Sierra Leone;Africa;Spanish;87.7
El Salvador;North America;Dutch;5.3
El Salvador;North America;Spanish;7.4
El Salvador;North America;Greek;1.8
El Salvador;North America;Spanish;44.6
El Salvador;North America;Dutch;0.0
El Salvador;North America;Spanish;96.8
El Salvador;North America;Greek;1.6
El Salvador;North America;Dutch;59.2
El Salvador;North America;Spanish;31.6
El Salvador;North America;Spanish;87.7
San Marino;Europe;Dutch;5.3
San Marino;Europe;Spanish;7.4
San Marino;Europe;Greek;1.8
San Marino;Europe;Spanish;44.6
San Marino;Europe;Dutch;0.0
San Marino;Europe;Spanish;96.8
San Marino;Europe;Greek;1.6
San Marino;Europe;Dutch;59.2
San Marino;Europe;Spanish;31.6
San Marino;Europe;Spanish;87.7
Somalia;Africa;Dutch;5.3
Somalia;Africa;Spanish;7.4
Somalia;Africa;Greek;1.8
Somalia;Africa;Spanish;44.6
Somalia;Africa;Dutch;0.0
Somalia;Africa;Spanish;96.8
Somalia;Africa;Greek;1.6
Somalia;Africa;Dutch;59.2
Somalia;Africa;Spanish;31.6
Somalia;Africa;Spanish;87.7
Saint Pierre and Miquelon;North America;Dutch;5.3
Saint Pierre and Miquelon;North America;Spanish;7.4
Saint Pierre and Miquelon;North America;Greek;1.8
Saint Pierre and Miquelon;North America;Spanish;44.6
Saint Pierre and Miquelon;North America;Dutch;0.0
Saint Pierre and Miquelon;North America;Spanish;96.8
Saint Pierre and Miquelon;North America;Greek;1.6
Saint Pierre and Miquelon;North America;Dutch;59.2
Saint Pierre and Miquelon;North America;Spanish;31.6
Saint Pierre and Miquelon;North America;Spanish;87.7
Sao Tome and Principe;Africa;Dutch;5.3
Sao Tome and Principe;Africa;Spanish;7.4
Sao Tome and Principe;Africa;Greek;1.8
Sao Tome and Principe;Africa;Spanish;44.6
Sao Tome and Principe;Africa;Dutch;0.0
Sao Tome and Principe;Africa;Spanish;96.8
Sao Tome and Principe;Africa;Greek;1.6
Sao Tome and Principe;Africa;Dutch;59.2
Sao Tome and Principe;Africa;Spanish;31.6
Sao Tome and Principe;Africa;Spanish;87.7
Suriname;South America;Dutch;5.3
Suriname;South America;Spanish;7.4
Suriname;South America;Greek;1.8
Suriname;South America;Spanish;44.6
Suriname;South America;Dutch;0.0
Suriname;South America;Spanish;96.8
Suriname;South America;Greek;1.6
Suriname;South America;Dutch;59.2
Suriname;South America;Spanish;31.6
Suriname;South America;Spanish;87.7
Slovakia;Europe;Dutch;5.3
Slovakia;Europe;Spanish;7.4
Slovakia;Europe;Greek;1.8
Slovakia;Europe;Spanish;44.6
Slovakia;Europe;Dutch;0.0
Slovakia;Europe;Spanish;96.8
Slovakia;Europe;Greek;1.6
Slovakia;Europe;Dutch;59.2
Slovakia;Europe;Spanish;31.6
Slovakia;Europe;Spanish;87.7
Slovenia;Europe;Dutch;5.3
Slovenia;Europe;Spanish;7.4
Slovenia;Europe;Greek;1.8
Slovenia;Europe;Spanish;44.6
Slovenia;Europe;Dutch;0.0
Slovenia;Europe;Spanish;96.8
Slovenia;Europe;Greek;1.6
Slovenia;Europe;Dutch;59.2
Slovenia;Europe;Spanish;31.6
Slovenia;Europe;Spanish;87.7
Sweden;Europe;Dutch;5.3
Sweden;Europe;Spanish;7.4
Sweden;Europe;Greek;1.8
Sweden;Europe;Spanish;44.6
Sweden;Europe;Dutch;0.0
Sweden;Europe;Spanish;96.8
Sweden;Europe;Greek;1.6
Sweden;Europe;Dutch;59.2
Sweden;Europe;Spanish;31.6
Sweden;Europe;Spanish;87.7
Swaziland;Africa;Dutch;5.3
Swaziland;Africa;Spanish;7.4
Swaziland;Africa;Greek;1.8
Swaziland;Africa;Spanish;44.6
Swaziland;Africa;Dutch;0.0
Swaziland;Africa;Spanish;96.8
Swaziland;Africa;Greek;1.6
Swaziland;Africa;Dutch;59.2
Swaziland;Africa;Spanish;31.6
Swaziland;Africa;Spanish;87.7
Seychelles;Africa;Dutch;5.3
Seychelles;Africa;Spanish;7.4
Seychelles;Africa;Greek;1.8
Seychelles;Africa;Spanish;44.6
Seychelles;Africa;Dutch;0.0
Seychelles;Africa;Spanish;96.8
Seychelles;Africa;Greek;1.6
Seychelles;Africa;Dutch;59.2
Seychelles;Africa;Spanish;31.6
Seychelles;Africa;Spanish;87.7
Syria;Asia;Dutch;5.3
Syria;Asia;Spanish;7.4
Syria;Asia;Greek;1.8
Syria;Asia;Spanish;44.6
Syria;Asia;Dutch;0.0
Syria;Asia;Spanish;96.8
Syria;Asia;Greek;1.6
Syria;Asia;Dutch;59.2
Syria;Asia;Spanish;31.6
Syria;Asia;Spanish;87.7
Turks and Caicos Islands;North America;Dutch;5.3
Turks and Caicos Islands;North America;Spanish;7.4
Turks and Caicos Islands;North America;Greek;1.8
Turks and Caicos Islands;North America;Spanish;44.6
Turks and Caicos Islands;North America;Dutch;0.0
Turks and Caicos Islands;North America;Spanish;96.8
Turks and Caicos Islands;North America;Greek;1.6
Turks and Caicos Islands;North America;Dutch;59.2
Turks and Caicos Islands;North America;Spanish;31.6
Turks and Caicos Islands;North America;Spanish;87.7
Chad;Africa;Dutch;5.3
Chad;Africa;Spanish;7.4
Chad;Africa;Greek;1.8
Chad;Africa;Spanish;44.6
Chad;Africa;Dutch;0.0
Chad;Africa;Spanish;96.8
Chad;Africa;Greek;1.6
Chad;Africa;Dutch;59.2
Chad;Africa;Spanish;31.6
Chad;Africa;Spanish;87.7
Togo;Africa;Dutch;5.3
Togo;Africa;Spanish;7.4
Togo;Africa;Greek;1.8
Togo;Africa;Spanish;44.6
Togo;Africa;Dutch;0.0
Togo;Africa;Spanish;96.8
Togo;Africa;Greek;1.6
Togo;Africa;Dutch;59.2
Togo;Africa;Spanish;31.6
Togo;Africa;Spanish;87.7
Thailand;Asia;Dutch;5.3
Thailand;Asia;Spanish;7.4
Thailand;Asia;Greek;1.8
Thailand;Asia;Spanish;44.6
Thailand;Asia;Dutch;0.0
Thailand;Asia;Spanish;96.8
Thailand;Asia;Greek;1.6
Thailand;Asia;Dutch;59.2
Thailand;Asia;Spanish;31.6
Thailand;Asia;Spanish;87.7
Tajikistan;Asia;Dutch;5.3
Tajikistan;Asia;Spanish;7.4
Tajikistan;Asia;Greek;1.8
Tajikistan;Asia;Spanish;44.6
Tajikistan;Asia;Dutch;0.0
Tajikistan;Asia;Spanish;96.8
Tajikistan;Asia;Greek;1.6
Tajikistan;Asia;Dutch;59.2
Tajikistan;Asia;Spanish;31.6
Tajikistan;Asia;Spanish;87.7
Tokelau;Oceania;Dutch;5.3
Tokelau;Oceania;Spanish;7.4
Tokelau;Oceania;Greek;1.8
Tokelau;Oceania;Spanish;44.6
Tokelau;Oceania;Dutch;0.0
Tokelau;Oceania;Spanish;96.8
Tokelau;Oceania;Greek;1.6
Tokelau;Oceania;Dutch;59.2
Tokelau;Oceania;Spanish;31.6
Tokelau;Oceania;Spanish;87.7
Turkmenistan;Asia;Dutch;5.3
Turkmenistan;Asia;Spanish;7.4
Turkmenistan;Asia;Greek;1.8
Turkmenistan;Asia;Spanish;44.6
Turkmenistan;Asia;Dutch;0.0
Turkmenistan;Asia;Spanish;96.8
Turkmenistan;Asia;Greek;1.6
Turkmenistan;Asia;Dutch;59.2
Turkmenistan;Asia;Spanish;31.6
Turkmenistan;Asia;Spanish;87.7
East Timor;Asia;Dutch;5.3
East Timor;Asia;Spanish;7.4
East Timor;Asia;Greek;1.8
East Timor;Asia;Spanish;44.6
East Timor;Asia;Dutch;0.0
East Timor;Asia;Spanish;96.8
East Timor;Asia;Greek;1.6
East Timor;Asia;Dutch;59.2
East Timor;Asia;Spanish;31.6
East Timor;Asia;Spanish;87.7
Tonga;Oceania;Dutch;5.3
Tonga;Oceania;Spanish;7.4
Tonga;Oceania;Greek;1.8
Tonga;Oceania;Spanish;44.6
Tonga;Oceania;Dutch;0.0
Tonga;Oceania;Spanish;96.8
Tonga;Oceania;Greek;1.6
Tonga;Oceania;Dutch;59.2
Tonga;Oceania;Spanish;31.6
Tonga;Oceania;Spanish;87.7
Trinidad and Tobago;North America;Dutch;5.3
Trinidad and Tobago;North America;Spanish;7.4
Trinidad and Tobago;North America;Greek;1.8
Trinidad and Tobago;North America;Spanish;44.6
Trinidad and Tobago;North America;Dutch;0.0
Trinidad and Tobago;North America;Spanish;96.8
Trinidad and Tobago;North America;Greek;1.6
Trinidad and Tobago;North America;Dutch;59.2
Trinidad and Tobago;North America;Spanish;31.6
Trinidad and Tobago;North America;Spanish;87.7
Tunisia;Africa;Dutch;5.3
Tunisia;Africa;Spanish;7.4
Tunisia;Africa;Greek;1.8
Tunisia;Africa;Spanish;44.6
Tunisia;Africa;Dutch;0.0
Tunisia;Africa;Spanish;96.8
Tunisia;Africa;Greek;1.6
Tunisia;Africa;Dutch;59.2
Tunisia;Africa;Spanish;31.6
Tunisia;Africa;Spanish;87.7
Turkey;Asia;Dutch;5.3
Turkey;Asia;Spanish;7.4
Turkey;Asia;Greek;1.8
Turkey;Asia;Spanish;44.6
Turkey;Asia;Dutch;0.0
Turkey;Asia;Spanish;96.8
Turkey;Asia;Greek;1.6
Turkey;Asia;Dutch;59.2
Turkey;Asia;Spanish;31.6
Turkey;Asia;Spanish;87.7
Tuvalu;Oceania;Dutch;5.3
Tuvalu;Oceania;Spanish;7.4
Tuvalu;Oceania;Greek;1.8
Tuvalu;Oceania;Spanish;44.6
Tuvalu;Oceania;Dutch;0.0
Tuvalu;Oceania;Spanish;96.8
Tuvalu;Oceania;Greek;1.6
Tuvalu;Oceania;Dutch;59.2
Tuvalu;Oceania;Spanish;31.6
Tuvalu;Oceania;Spanish;87.7
Taiwan;Asia;Dutch;5.3
Taiwan;Asia;Spanish;7.4
Taiwan;Asia;Greek;1.8
Taiwan;Asia;Spanish;44.6
Taiwan;Asia;Dutch;0.0
Taiwan;Asia;Spanish;96.8
Taiwan;Asia;Greek;1.6
Taiwan;Asia;Dutch;59.2
Taiwan;Asia;Spanish;31.6
Taiwan;Asia;Spanish;87.7
Tanzania;Africa;Dutch;5.3
Tanzania;Africa;Spanish;7.4
Tanzania;Africa;Greek;1.8
Tanzania;Africa;Spanish;44.6
Tanzania;Africa;Dutch;0.0
Tanzania;Africa;Spanish;96.8
Tanzania;Africa;Greek;1.6
Tanzania;Africa;Dutch;59.2
Tanzania;Africa;Spanish;31.6
Tanzania;Africa;Spanish;87.7
Uganda;Africa;Dutch;5.3
Uganda;Africa;Spanish;7.4
Uganda;Africa;Greek;1.8
Uganda;Africa;Spanish;44.6
Uganda;Africa;Dutch;0.0
Uganda;Africa;Spanish;96.8
Uganda;Africa;Greek;1.6
Uganda;Africa;Dutch;59.2
Uganda;Africa;Spanish;31.6
Uganda;Africa;Spanish;87.7
Ukraine;Europe;Dutch;5.3
Ukraine;Europe;Spanish;7.4
Ukraine;Europe;Greek;1.8
Ukraine;Europe;Spanish;44.6
Ukraine;Europe;Dutch;0.0
Ukraine;Europe;Spanish;96.8
Ukraine;Europe;Greek;1.6
Ukraine;Europe;Dutch;59.2
Ukraine;Europe;Spanish;31.6
Ukraine;Europe;Spanish;87.7
United States Minor Outlying Islands;Oceania;Dutch;5.3
United States Minor Outlying Islands;Oceania;Spanish;7.4
United States Minor Outlying Islands;Oceania;Greek;1.8
United States Minor Outlying Islands;Oceania;Spanish;44.6
United States Minor Outlying Islands;Oceania;Dutch;0.0
United States Minor Outlying Islands;Oceania;Spanish;96.8
United States Minor Outlying Islands;Oceania;Greek;1.6
United States Minor Outlying Islands;Oceania;Dutch;59.2
United States Minor Outlying Islands;Oceania;Spanish;31.6
United States Minor Outlying Islands;Oceania;Spanish;87.7
Uruguay;South America;Dutch;5.3
Uruguay;South America;Spanish;7.4
Uruguay;South America;Greek;1.8
Uruguay;South America;Spanish;44.6
Uruguay;South America;Dutch;0.0
Uruguay;South America;Spanish;96.8
Uruguay;South America;Greek;1.6
Uruguay;South America;Dutch;59.2
Uruguay;South America;Spanish;31.6
Uruguay;South America;Spanish;87.7
United States;North America;Dutch;5.3
United States;North America;Spanish;7.4
United States;North America;Greek;1.8
United States;North America;Spanish;44.6
United States;North America;Dutch;0.0
United States;North America;Spanish;96.8
United States;North America;Greek;1.6
United States;North America;Dutch;59.2
United States;North America;Spanish;31.6
United States;North America;Spanish;87.7
Uzbekistan;Asia;Dutch;5.3
Uzbekistan;Asia;Spanish;7.4
Uzbekistan;Asia;Greek;1.8
Uzbekistan;Asia;Spanish;44.6
Uzbekistan;Asia;Dutch;0.0
Uzbekistan;Asia;Spanish;96.8
Uzbekistan;Asia;Greek;1.6
Uzbekistan;Asia;Dutch;59.2
Uzbekistan;Asia;Spanish;31.6
Uzbekistan;Asia;Spanish;87.7
Holy See (Vatican City State);Europe;Dutch;5.3
Holy See (Vatican City State);Europe;Spanish;7.4
Holy See (Vatican City State);Europe;Greek;1.8
Holy See (Vatican City State);Europe;Spanish;44.6
Holy See (Vatican City State);Europe;Dutch;0.0
Holy See (Vatican City State);Europe;Spanish;96.8
Holy See (Vatican City State);Europe;Greek;1.6
Holy See (Vatican City State);Europe;Dutch;59.2
Holy See (Vatican City State);Europe;Spanish;31.6
Holy See (Vatican City State);Europe;Spanish;87.7
Saint Vincent and the Grenadines;North America;Dutch;5.3
Saint Vincent and the Grenadines;North America;Spanish;7.4
Saint Vincent and the Grenadines;North America;Greek;1.8
Saint Vincent and the Grenadines;North America;Spanish;44.6
Saint Vincent and the Grenadines;North America;Dutch;0.0
Saint Vincent and the Grenadines;North America;Spanish;96.8
Saint Vincent and the Grenadines;North America;Greek;1.6
Saint Vincent and the Grenadines;North America;Dutch;59.2
Saint Vincent and the Grenadines;North America;Spanish;31.6
Saint Vincent and the Grenadines;North America;Spanish;87.7
Venezuela;South America;Dutch;5.3
Venezuela;South America;Spanish;7.4
Venezuela;South America;Greek;1.8
Venezuela;South America;Spanish;44.6
Venezuela;South America;Dutch;0.0
Venezuela;South America;Spanish;96.8
Venezuela;South America;Greek;1.6
Venezuela;South America;Dutch;59.2
Venezuela;South America;Spanish;31.6
Venezuela;South America;Spanish;87.7
Virgin Islands, British;North America;Dutch;5.3
Virgin Islands, British;North America;Spanish;7.4
Virgin Islands, British;North America;Greek;1.8
Virgin Islands, British;North America;Spanish;44.6
Virgin Islands, British;North America;Dutch;0.0
Virgin Islands, British;North America;Spanish;96.8
Virgin Islands, British;North America;Greek;1.6
Virgin Islands, British;North America;Dutch;59.2
Virgin Islands, British;North America;Spanish;31.6
Virgin Islands, British;North America;Spanish;87.7
Virgin Islands, U.S.;North America;Dutch;5.3
Virgin Islands, U.S.;North America;Spanish;7.4
Virgin Islands, U.S.;North America;Greek;1.8
Virgin Islands, U.S.;North America;Spanish;44.6
Virgin Islands, U.S.;North America;Dutch;0.0
Virgin Islands, U.S.;North America;Spanish;96.8
Virgin Islands, U.S.;North America;Greek;1.6
Virgin Islands, U.S.;North America;Dutch;59.2
Virgin Islands, U.S.;North America;Spanish;31.6
Virgin Islands, U.S.;North America;Spanish;87.7
Vietnam;Asia;Dutch;5.3
Vietnam;Asia;Spanish;7.4
Vietnam;Asia;Greek;1.8
Vietnam;Asia;Spanish;44.6
Vietnam;Asia;Dutch;0.0
Vietnam;Asia;Spanish;96.8
Vietnam;Asia;Greek;1.6
Vietnam;Asia;Dutch;59.2
Vietnam;Asia;Spanish;31.6
Vietnam;Asia;Spanish;87.7
Vanuatu;Oceania;Dutch;5.3
Vanuatu;Oceania;Spanish;7.4
Vanuatu;Oceania;Greek;1.8
Vanuatu;Oceania;Spanish;44.6
Vanuatu;Oceania;Dutch;0.0
Vanuatu;Oceania;Spanish;96.8
Vanuatu;Oceania;Greek;1.6
Vanuatu;Oceania;Dutch;59.2
Vanuatu;Oceania;Spanish;31.6
Vanuatu;Oceania;Spanish;87.7
Wallis and Futuna;Oceania;Dutch;5.3
Wallis and Futuna;Oceania;Spanish;7.4
Wallis and Futuna;Oceania;Greek;1.8
Wallis and Futuna;Oceania;Spanish;44.6
Wallis and Futuna;Oceania;Dutch;0.0
Wallis and Futuna;Oceania;Spanish;96.8
Wallis and Futuna;Oceania;Greek;1.6
Wallis and Futuna;Oceania;Dutch;59.2
Wallis and Futuna;Oceania;Spanish;31.6
Wallis and Futuna;Oceania;Spanish;87.7
Samoa;Oceania;Dutch;5.3
Samoa;Oceania;Spanish;7.4
Samoa;Oceania;Greek;1.8
Samoa;Oceania;Spanish;44.6
Samoa;Oceania;Dutch;0.0
Samoa;Oceania;Spanish;96.8
Samoa;Oceania;Greek;1.6
Samoa;Oceania;Dutch;59.2
Samoa;Oceania;Spanish;31.6
Samoa;Oceania;Spanish;87.7
Yemen;Asia;Dutch;5.3
Yemen;Asia;Spanish;7.4
Yemen;Asia;Greek;1.8
Yemen;Asia;Spanish;44.6
Yemen;Asia;Dutch;0.0
Yemen;Asia;Spanish;96.8
Yemen;Asia;Greek;1.6
Yemen;Asia;Dutch;59.2
Yemen;Asia;Spanish;31.6
Yemen;Asia;Spanish;87.7
Yugoslavia;Europe;Dutch;5.3
Yugoslavia;Europe;Spanish;7.4
Yugoslavia;Europe;Greek;1.8
Yugoslavia;Europe;Spanish;44.6
Yugoslavia;Europe;Dutch;0.0
Yugoslavia;Europe;Spanish;96.8
Yugoslavia;Europe;Greek;1.6
Yugoslavia;Europe;Dutch;59.2
Yugoslavia;Europe;Spanish;31.6
Yugoslavia;Europe;Spanish;87.7
South Africa;Africa;Dutch;5.3
South Africa;Africa;Spanish;7.4
South Africa;Africa;Greek;1.8
South Africa;Africa;Spanish;44.6
South Africa;Africa;Dutch;0.0
South Africa;Africa;Spanish;96.8
South Africa;Africa;Greek;1.6
South Africa;Africa;Dutch;59.2
South Africa;Africa;Spanish;31.6
South Africa;Africa;Spanish;87.7
Zambia;Africa;Dutch;5.3
Zambia;Africa;Spanish;7.4
Zambia;Africa;Greek;1.8
Zambia;Africa;Spanish;44.6
Zambia;Africa;Dutch;0.0
Zambia;Africa;Spanish;96.8
Zambia;Africa;Greek;1.6
Zambia;Africa;Dutch;59.2
Zambia;Africa;Spanish;31.6
Zambia;Africa;Spanish;87.7
Zimbabwe;Africa;Dutch;5.3
Zimbabwe;Africa;Spanish;7.4
Zimbabwe;Africa;Greek;1.8
Zimbabwe;Africa;Spanish;44.6
Zimbabwe;Africa;Dutch;0.0
Zimbabwe;Africa;Spanish;96.8
Zimbabwe;Africa;Greek;1.6
Zimbabwe;Africa;Dutch;59.2
Zimbabwe;Africa;Spanish;31.6
Zimbabwe;Africa;Spanish;87.7
